split,split_index,label,audio_rel_path,source_audio_path,speech_seconds,left_speech_seconds,right_speech_seconds,total_window_seconds
val,1,1,val/1.wav,datasets/audio_package_500/original_switch/hindi_english_train/orig_hindi_003_1ijxo93rtijh2rzv.wav,2.75,1.64,1.11,4.0
val,2,1,val/2.wav,datasets/audio_package_500/original_switch/hindi_english_train/orig_hindi_003_1ijxo93rtijh2rzv.wav,1.83,0.84,0.99,4.0
val,3,1,val/3.wav,datasets/audio_package_500/original_switch/hindi_english_train/orig_hindi_003_1ijxo93rtijh2rzv.wav,2.09,0.94,1.15,4.0
val,4,1,val/4.wav,datasets/audio_package_500/original_switch/hindi_english_train/orig_hindi_003_1ijxo93rtijh2rzv.wav,2.7,1.09,1.61,4.0
val,5,1,val/5.wav,datasets/audio_package_500/original_switch/hindi_english_train/orig_hindi_003_1ijxo93rtijh2rzv.wav,1.67,0.95,0.72,4.0
val,6,1,val/6.wav,datasets/audio_package_500/original_switch/hindi_english_train/orig_hindi_003_1ijxo93rtijh2rzv.wav,2.7,1.5,1.2,4.0
val,7,1,val/7.wav,datasets/audio_package_500/original_switch/hindi_english_train/orig_hindi_003_1ijxo93rtijh2rzv.wav,2.75,1.46,1.29,4.0
val,8,1,val/8.wav,datasets/audio_package_500/original_switch/hindi_english_train/orig_hindi_003_1ijxo93rtijh2rzv.wav,2.9,1.47,1.43,4.0
val,9,1,val/9.wav,datasets/audio_package_500/original_switch/hindi_english_train/orig_hindi_003_1ijxo93rtijh2rzv.wav,1.92,0.71,1.21,4.0
val,10,1,val/10.wav,datasets/audio_package_500/original_switch/hindi_english_train/orig_hindi_003_1ijxo93rtijh2rzv.wav,2.6799999999999997,1.24,1.44,4.0
val,11,1,val/11.wav,datasets/audio_package_500/original_switch/hindi_english_train/orig_hindi_003_1ijxo93rtijh2rzv.wav,2.37,1.05,1.32,4.0
val,12,1,val/12.wav,datasets/audio_package_500/original_switch/hindi_english_train/orig_hindi_003_1ijxo93rtijh2rzv.wav,2.5,1.32,1.18,4.0
val,13,1,val/13.wav,datasets/audio_package_500/original_switch/hindi_english_train/orig_hindi_003_1ijxo93rtijh2rzv.wav,2.41,1.41,1.0,4.0
val,14,1,val/14.wav,datasets/audio_package_500/original_switch/hindi_english_train/orig_hindi_005_e1bxlstxjkqq7jap.wav,2.8600000000000003,1.3,1.56,4.0
val,15,1,val/15.wav,datasets/audio_package_500/original_switch/hindi_english_train/orig_hindi_005_e1bxlstxjkqq7jap.wav,2.91,1.27,1.64,4.0
val,16,1,val/16.wav,datasets/audio_package_500/original_switch/hindi_english_train/orig_hindi_005_e1bxlstxjkqq7jap.wav,3.04,1.64,1.4,4.0
val,17,1,val/17.wav,datasets/audio_package_500/original_switch/hindi_english_train/orig_hindi_005_e1bxlstxjkqq7jap.wav,2.5300000000000002,1.33,1.2,4.0
val,18,1,val/18.wav,datasets/audio_package_500/original_switch/hindi_english_train/orig_hindi_005_e1bxlstxjkqq7jap.wav,2.4699999999999998,1.06,1.41,4.0
val,19,1,val/19.wav,datasets/audio_package_500/original_switch/hindi_english_train/orig_hindi_005_e1bxlstxjkqq7jap.wav,2.75,1.32,1.43,4.0
val,20,1,val/20.wav,datasets/audio_package_500/original_switch/hindi_english_train/orig_hindi_005_e1bxlstxjkqq7jap.wav,3.16,1.29,1.87,4.0
val,21,1,val/21.wav,datasets/audio_package_500/original_switch/hindi_english_train/orig_hindi_005_e1bxlstxjkqq7jap.wav,2.6900000000000004,1.32,1.37,4.0
val,22,1,val/22.wav,datasets/audio_package_500/original_switch/hindi_english_train/orig_hindi_005_e1bxlstxjkqq7jap.wav,2.78,1.39,1.39,4.0
val,23,1,val/23.wav,datasets/audio_package_500/original_switch/hindi_english_train/orig_hindi_005_e1bxlstxjkqq7jap.wav,2.4299999999999997,1.39,1.04,4.0
val,24,1,val/24.wav,datasets/audio_package_500/original_switch/hindi_english_train/orig_hindi_005_e1bxlstxjkqq7jap.wav,2.73,1.15,1.58,4.0
val,25,1,val/25.wav,datasets/audio_package_500/original_switch/hindi_english_train/orig_hindi_005_e1bxlstxjkqq7jap.wav,2.93,1.37,1.56,4.0
val,26,1,val/26.wav,datasets/audio_package_500/original_switch/hindi_english_train/orig_hindi_005_e1bxlstxjkqq7jap.wav,3.01,1.62,1.39,4.0
val,27,1,val/27.wav,datasets/audio_package_500/original_switch/hindi_english_train/orig_hindi_005_e1bxlstxjkqq7jap.wav,2.6799999999999997,1.26,1.42,4.0
val,28,1,val/28.wav,datasets/audio_package_500/original_switch/hindi_english_train/orig_hindi_005_e1bxlstxjkqq7jap.wav,2.7,1.08,1.62,4.0
val,29,1,val/29.wav,datasets/audio_package_500/original_switch/hindi_english_train/orig_hindi_005_e1bxlstxjkqq7jap.wav,3.06,1.58,1.48,4.0
val,30,1,val/30.wav,datasets/audio_package_500/original_switch/hindi_english_train/orig_hindi_005_e1bxlstxjkqq7jap.wav,2.95,1.58,1.37,4.0
val,31,1,val/31.wav,datasets/audio_package_500/original_switch/hindi_english_train/orig_hindi_005_e1bxlstxjkqq7jap.wav,3.0300000000000002,1.3,1.73,4.0
val,32,1,val/32.wav,datasets/audio_package_500/original_switch/hindi_english_train/orig_hindi_005_e1bxlstxjkqq7jap.wav,2.46,1.32,1.14,4.0
val,33,1,val/33.wav,datasets/audio_package_500/original_switch/hindi_english_train/orig_hindi_005_e1bxlstxjkqq7jap.wav,2.92,1.61,1.31,4.0
val,34,1,val/34.wav,datasets/audio_package_500/original_switch/hindi_english_train/orig_hindi_005_e1bxlstxjkqq7jap.wav,3.02,1.42,1.6,4.0
val,35,1,val/35.wav,datasets/audio_package_500/original_switch/hindi_english_train/orig_hindi_005_e1bxlstxjkqq7jap.wav,2.92,1.69,1.23,4.0
val,36,1,val/36.wav,datasets/audio_package_500/original_switch/hindi_english_train/orig_hindi_005_e1bxlstxjkqq7jap.wav,2.98,1.76,1.22,4.0
val,37,1,val/37.wav,datasets/audio_package_500/original_switch/hindi_english_train/orig_hindi_005_e1bxlstxjkqq7jap.wav,2.58,1.31,1.27,4.0
val,38,1,val/38.wav,datasets/audio_package_500/original_switch/hindi_english_train/orig_hindi_005_e1bxlstxjkqq7jap.wav,2.49,1.4,1.09,4.0
val,39,1,val/39.wav,datasets/audio_package_500/original_switch/hindi_english_train/orig_hindi_005_e1bxlstxjkqq7jap.wav,2.84,1.47,1.37,4.0
val,40,1,val/40.wav,datasets/audio_package_500/original_switch/hindi_english_train/orig_hindi_005_e1bxlstxjkqq7jap.wav,3.08,1.75,1.33,4.0
val,41,1,val/41.wav,datasets/audio_package_500/original_switch/hindi_english_train/orig_hindi_005_e1bxlstxjkqq7jap.wav,3.1100000000000003,1.75,1.36,4.0
val,42,1,val/42.wav,datasets/audio_package_500/original_switch/hindi_english_train/orig_hindi_005_e1bxlstxjkqq7jap.wav,2.56,1.29,1.27,4.0
val,43,1,val/43.wav,datasets/audio_package_500/original_switch/hindi_english_train/orig_hindi_005_e1bxlstxjkqq7jap.wav,2.74,1.22,1.52,4.0
val,44,1,val/44.wav,datasets/audio_package_500/original_switch/hindi_english_train/orig_hindi_005_e1bxlstxjkqq7jap.wav,1.99,0.72,1.27,4.0
val,45,1,val/45.wav,datasets/audio_package_500/original_switch/hindi_english_train/orig_hindi_005_e1bxlstxjkqq7jap.wav,2.84,1.14,1.7,4.0
val,46,1,val/46.wav,datasets/audio_package_500/original_switch/hindi_english_train/orig_hindi_005_e1bxlstxjkqq7jap.wav,2.6799999999999997,1.25,1.43,4.0
val,47,1,val/47.wav,datasets/audio_package_500/original_switch/hindi_english_train/orig_hindi_005_e1bxlstxjkqq7jap.wav,2.48,1.19,1.29,4.0
val,48,1,val/48.wav,datasets/audio_package_500/original_switch/hindi_english_train/orig_hindi_005_e1bxlstxjkqq7jap.wav,2.89,1.56,1.33,4.0
val,49,1,val/49.wav,datasets/audio_package_500/original_switch/hindi_english_train/orig_hindi_005_e1bxlstxjkqq7jap.wav,3.0599999999999996,1.39,1.67,4.0
val,50,1,val/50.wav,datasets/audio_package_500/original_switch/hindi_english_train/orig_hindi_005_e1bxlstxjkqq7jap.wav,3.24,1.69,1.55,4.0
val,51,1,val/51.wav,datasets/audio_package_500/original_switch/hindi_english_train/orig_hindi_005_e1bxlstxjkqq7jap.wav,3.31,1.7,1.61,4.0
val,52,1,val/52.wav,datasets/audio_package_500/original_switch/hindi_english_train/orig_hindi_005_e1bxlstxjkqq7jap.wav,2.58,1.58,1.0,4.0
val,53,1,val/53.wav,datasets/audio_package_500/original_switch/hindi_english_train/orig_hindi_005_e1bxlstxjkqq7jap.wav,3.36,1.65,1.71,4.0
val,54,1,val/54.wav,datasets/audio_package_500/original_switch/hindi_english_train/orig_hindi_005_e1bxlstxjkqq7jap.wav,3.2800000000000002,1.75,1.53,4.0
val,55,1,val/55.wav,datasets/audio_package_500/original_switch/hindi_english_train/orig_hindi_011_qsd0ooowegiqf963.wav,2.9699999999999998,1.59,1.38,4.0
val,56,1,val/56.wav,datasets/audio_package_500/original_switch/hindi_english_train/orig_hindi_014_6gollvpzpumvy2xn.wav,2.73,1.25,1.48,4.0
val,57,1,val/57.wav,datasets/audio_package_500/original_switch/hindi_english_train/orig_hindi_014_6gollvpzpumvy2xn.wav,2.8200000000000003,1.56,1.26,4.0
val,58,1,val/58.wav,datasets/audio_package_500/original_switch/hindi_english_train/orig_hindi_014_6gollvpzpumvy2xn.wav,2.6399999999999997,1.23,1.41,4.0
val,59,1,val/59.wav,datasets/audio_package_500/original_switch/hindi_english_train/orig_hindi_014_6gollvpzpumvy2xn.wav,2.65,1.49,1.16,4.0
val,60,1,val/60.wav,datasets/audio_package_500/original_switch/hindi_english_train/orig_hindi_014_6gollvpzpumvy2xn.wav,2.44,1.15,1.29,4.0
val,61,1,val/61.wav,datasets/audio_package_500/original_switch/hindi_english_train/orig_hindi_014_6gollvpzpumvy2xn.wav,3.12,1.37,1.75,4.0
val,62,1,val/62.wav,datasets/audio_package_500/original_switch/hindi_english_train/orig_hindi_014_6gollvpzpumvy2xn.wav,3.11,1.39,1.72,4.0
val,63,1,val/63.wav,datasets/audio_package_500/original_switch/hindi_english_train/orig_hindi_014_6gollvpzpumvy2xn.wav,2.9299999999999997,1.75,1.18,4.0
val,64,1,val/64.wav,datasets/audio_package_500/original_switch/hindi_english_train/orig_hindi_014_6gollvpzpumvy2xn.wav,2.9299999999999997,1.66,1.27,4.0
val,65,1,val/65.wav,datasets/audio_package_500/original_switch/hindi_english_train/orig_hindi_014_6gollvpzpumvy2xn.wav,2.83,1.26,1.57,4.0
val,66,1,val/66.wav,datasets/audio_package_500/original_switch/hindi_english_train/orig_hindi_014_6gollvpzpumvy2xn.wav,2.16,1.51,0.65,4.0
val,67,1,val/67.wav,datasets/audio_package_500/original_switch/hindi_english_train/orig_hindi_021_ct4vvgjby7dgvbwz.wav,2.58,0.93,1.65,4.0
val,68,1,val/68.wav,datasets/audio_package_500/original_switch/hindi_english_train/orig_hindi_024_1kbig1mc99yuhdcx.wav,3.3600000000000003,1.81,1.55,4.0
val,69,1,val/69.wav,datasets/audio_package_500/original_switch/hindi_english_train/orig_hindi_024_1kbig1mc99yuhdcx.wav,3.2,1.62,1.58,4.0
val,70,1,val/70.wav,datasets/audio_package_500/original_switch/hindi_english_train/orig_hindi_024_1kbig1mc99yuhdcx.wav,3.1399999999999997,1.63,1.51,4.0
val,71,1,val/71.wav,datasets/audio_package_500/original_switch/hindi_english_train/orig_hindi_024_1kbig1mc99yuhdcx.wav,2.4299999999999997,1.47,0.96,4.0
val,72,1,val/72.wav,datasets/audio_package_500/original_switch/hindi_english_train/orig_hindi_024_1kbig1mc99yuhdcx.wav,2.23,1.38,0.85,4.0
val,73,1,val/73.wav,datasets/audio_package_500/original_switch/hindi_english_train/orig_hindi_024_1kbig1mc99yuhdcx.wav,2.96,1.44,1.52,4.0
val,74,1,val/74.wav,datasets/audio_package_500/original_switch/hindi_english_train/orig_hindi_024_1kbig1mc99yuhdcx.wav,3.38,1.5,1.88,4.0
val,75,1,val/75.wav,datasets/audio_package_500/original_switch/hindi_english_train/orig_hindi_024_1kbig1mc99yuhdcx.wav,3.44,1.55,1.89,4.0
val,76,1,val/76.wav,datasets/audio_package_500/original_switch/hindi_english_train/orig_hindi_024_1kbig1mc99yuhdcx.wav,3.08,1.52,1.56,4.0
val,77,1,val/77.wav,datasets/audio_package_500/original_switch/hindi_english_train/orig_hindi_024_1kbig1mc99yuhdcx.wav,3.08,1.46,1.62,4.0
val,78,1,val/78.wav,datasets/audio_package_500/original_switch/hindi_english_train/orig_hindi_024_1kbig1mc99yuhdcx.wav,3.06,1.71,1.35,4.0
val,79,1,val/79.wav,datasets/audio_package_500/original_switch/hindi_english_train/orig_hindi_024_1kbig1mc99yuhdcx.wav,2.96,1.65,1.31,4.0
val,80,1,val/80.wav,datasets/audio_package_500/original_switch/hindi_english_train/orig_hindi_024_1kbig1mc99yuhdcx.wav,2.4000000000000004,1.6,0.8,4.0
val,81,1,val/81.wav,datasets/audio_package_500/original_switch/hindi_english_train/orig_hindi_024_1kbig1mc99yuhdcx.wav,2.98,1.63,1.35,4.0
val,82,1,val/82.wav,datasets/audio_package_500/original_switch/hindi_english_train/orig_hindi_024_1kbig1mc99yuhdcx.wav,2.56,1.23,1.33,4.0
val,83,1,val/83.wav,datasets/audio_package_500/original_switch/hindi_english_train/orig_hindi_024_1kbig1mc99yuhdcx.wav,3.2,1.57,1.63,4.0
val,84,1,val/84.wav,datasets/audio_package_500/original_switch/hindi_english_train/orig_hindi_024_1kbig1mc99yuhdcx.wav,3.41,1.61,1.8,4.0
val,85,1,val/85.wav,datasets/audio_package_500/original_switch/hindi_english_train/orig_hindi_024_1kbig1mc99yuhdcx.wav,3.38,1.55,1.83,4.0
val,86,1,val/86.wav,datasets/audio_package_500/original_switch/hindi_english_train/orig_hindi_024_1kbig1mc99yuhdcx.wav,3.4699999999999998,1.76,1.71,4.0
val,87,1,val/87.wav,datasets/audio_package_500/original_switch/hindi_english_train/orig_hindi_024_1kbig1mc99yuhdcx.wav,3.35,1.76,1.59,4.0
val,88,1,val/88.wav,datasets/audio_package_500/original_switch/hindi_english_train/orig_hindi_024_1kbig1mc99yuhdcx.wav,2.21,1.43,0.78,4.0
val,89,1,val/89.wav,datasets/audio_package_500/original_switch/hindi_english_train/orig_hindi_024_1kbig1mc99yuhdcx.wav,2.4899999999999998,0.86,1.63,4.0
val,90,1,val/90.wav,datasets/audio_package_500/original_switch/hindi_english_train/orig_hindi_024_1kbig1mc99yuhdcx.wav,3.23,1.81,1.42,4.0
val,91,1,val/91.wav,datasets/audio_package_500/original_switch/hindi_english_train/orig_hindi_024_1kbig1mc99yuhdcx.wav,3.25,1.82,1.43,4.0
val,92,1,val/92.wav,datasets/audio_package_500/original_switch/hindi_english_train/orig_hindi_024_1kbig1mc99yuhdcx.wav,3.2,1.74,1.46,4.0
val,93,1,val/93.wav,datasets/audio_package_500/original_switch/hindi_english_train/orig_hindi_024_1kbig1mc99yuhdcx.wav,3.2199999999999998,1.76,1.46,4.0
val,94,1,val/94.wav,datasets/audio_package_500/original_switch/hindi_english_train/orig_hindi_024_1kbig1mc99yuhdcx.wav,2.96,1.29,1.67,4.0
val,95,1,val/95.wav,datasets/audio_package_500/original_switch/hindi_english_train/orig_hindi_024_1kbig1mc99yuhdcx.wav,2.96,1.3,1.66,4.0
val,96,1,val/96.wav,datasets/audio_package_500/original_switch/hindi_english_train/orig_hindi_024_1kbig1mc99yuhdcx.wav,2.6,1.09,1.51,4.0
val,97,1,val/97.wav,datasets/audio_package_500/original_switch/hindi_english_train/orig_hindi_024_1kbig1mc99yuhdcx.wav,2.71,1.1,1.61,4.0
val,98,1,val/98.wav,datasets/audio_package_500/original_switch/hindi_english_train/orig_hindi_024_1kbig1mc99yuhdcx.wav,3.25,1.54,1.71,4.0
val,99,1,val/99.wav,datasets/audio_package_500/original_switch/hindi_english_train/orig_hindi_024_1kbig1mc99yuhdcx.wav,3.27,1.56,1.71,4.0
val,100,1,val/100.wav,datasets/audio_package_500/original_switch/hindi_english_train/orig_hindi_024_1kbig1mc99yuhdcx.wav,3.25,1.61,1.64,4.0
val,101,1,val/101.wav,datasets/audio_package_500/original_switch/hindi_english_train/orig_hindi_024_1kbig1mc99yuhdcx.wav,2.7199999999999998,1.2,1.52,4.0
val,102,1,val/102.wav,datasets/audio_package_500/original_switch/hindi_english_train/orig_hindi_024_1kbig1mc99yuhdcx.wav,2.46,1.34,1.12,4.0
val,103,1,val/103.wav,datasets/audio_package_500/original_switch/hindi_english_train/orig_hindi_024_1kbig1mc99yuhdcx.wav,2.27,1.0,1.27,4.0
val,104,1,val/104.wav,datasets/audio_package_500/original_switch/hindi_english_train/orig_hindi_024_1kbig1mc99yuhdcx.wav,2.73,1.28,1.45,4.0
val,105,1,val/105.wav,datasets/audio_package_500/original_switch/hindi_english_train/orig_hindi_024_1kbig1mc99yuhdcx.wav,2.76,1.24,1.52,4.0
val,106,1,val/106.wav,datasets/audio_package_500/original_switch/hindi_english_train/orig_hindi_024_1kbig1mc99yuhdcx.wav,1.8399999999999999,0.67,1.17,4.0
val,107,1,val/107.wav,datasets/audio_package_500/original_switch/hindi_english_train/orig_hindi_024_1kbig1mc99yuhdcx.wav,2.83,1.08,1.75,4.0
val,108,1,val/108.wav,datasets/audio_package_500/original_switch/hindi_english_train/orig_hindi_024_1kbig1mc99yuhdcx.wav,3.25,1.78,1.47,4.0
val,109,1,val/109.wav,datasets/audio_package_500/original_switch/hindi_english_train/orig_hindi_024_1kbig1mc99yuhdcx.wav,2.51,1.63,0.88,4.0
val,110,1,val/110.wav,datasets/audio_package_500/original_switch/hindi_english_train/orig_hindi_024_1kbig1mc99yuhdcx.wav,2.67,1.45,1.22,4.0
val,111,1,val/111.wav,datasets/audio_package_500/original_switch/hindi_english_train/orig_hindi_024_1kbig1mc99yuhdcx.wav,2.87,1.37,1.5,4.0
val,112,1,val/112.wav,datasets/audio_package_500/original_switch/hindi_english_train/orig_hindi_035_ecq08epzmwniyul7.wav,2.3600000000000003,1.31,1.05,4.0
val,113,1,val/113.wav,datasets/audio_package_500/original_switch/hindi_english_train/orig_hindi_035_ecq08epzmwniyul7.wav,2.7,1.61,1.09,4.0
val,114,1,val/114.wav,datasets/audio_package_500/original_switch/hindi_english_train/orig_hindi_035_ecq08epzmwniyul7.wav,2.4899999999999998,1.63,0.86,4.0
val,115,1,val/115.wav,datasets/audio_package_500/original_switch/hindi_english_train/orig_hindi_043_cdxxjevouok4embl.wav,2.77,1.32,1.45,4.0
val,116,1,val/116.wav,datasets/audio_package_500/original_switch/hindi_english_train/orig_hindi_056_8xh3zkppy5yhankx.wav,2.55,0.94,1.61,4.0
val,117,1,val/117.wav,datasets/audio_package_500/original_switch/hindi_english_train/orig_hindi_056_8xh3zkppy5yhankx.wav,2.74,1.3,1.44,4.0
val,118,1,val/118.wav,datasets/audio_package_500/original_switch/hindi_english_train/orig_hindi_056_8xh3zkppy5yhankx.wav,2.92,1.64,1.28,4.0
val,119,1,val/119.wav,datasets/audio_package_500/original_switch/hindi_english_train/orig_hindi_056_8xh3zkppy5yhankx.wav,2.79,1.69,1.1,4.0
val,120,1,val/120.wav,datasets/audio_package_500/original_switch/hindi_english_train/orig_hindi_056_8xh3zkppy5yhankx.wav,2.58,1.25,1.33,4.0
val,121,1,val/121.wav,datasets/audio_package_500/original_switch/hindi_english_train/orig_hindi_056_8xh3zkppy5yhankx.wav,2.03,1.41,0.62,4.0
val,122,1,val/122.wav,datasets/audio_package_500/original_switch/hindi_english_train/orig_hindi_056_8xh3zkppy5yhankx.wav,2.8499999999999996,1.67,1.18,4.0
val,123,1,val/123.wav,datasets/audio_package_500/original_switch/hindi_english_train/orig_hindi_056_8xh3zkppy5yhankx.wav,1.95,0.96,0.99,4.0
val,124,1,val/124.wav,datasets/audio_package_500/original_switch/hindi_english_train/orig_hindi_056_8xh3zkppy5yhankx.wav,2.05,0.76,1.29,4.0
val,125,1,val/125.wav,datasets/audio_package_500/original_switch/hindi_english_train/orig_hindi_056_8xh3zkppy5yhankx.wav,2.58,1.29,1.29,4.0
val,126,1,val/126.wav,datasets/audio_package_500/original_switch/hindi_english_train/orig_hindi_056_8xh3zkppy5yhankx.wav,2.5,1.32,1.18,4.0
val,127,1,val/127.wav,datasets/audio_package_500/original_switch/hindi_english_train/orig_hindi_056_8xh3zkppy5yhankx.wav,3.23,1.65,1.58,4.0
val,128,1,val/128.wav,datasets/audio_package_500/original_switch/hindi_english_train/orig_hindi_056_8xh3zkppy5yhankx.wav,3.13,1.46,1.67,4.0
val,129,1,val/129.wav,datasets/audio_package_500/original_switch/hindi_english_train/orig_hindi_056_8xh3zkppy5yhankx.wav,2.65,1.46,1.19,4.0
val,130,1,val/130.wav,datasets/audio_package_500/original_switch/hindi_english_train/orig_hindi_056_8xh3zkppy5yhankx.wav,2.54,1.07,1.47,4.0
val,131,1,val/131.wav,datasets/audio_package_500/original_switch/hindi_english_train/orig_hindi_056_8xh3zkppy5yhankx.wav,2.42,1.12,1.3,4.0
val,132,1,val/132.wav,datasets/audio_package_500/original_switch/hindi_english_train/orig_hindi_056_8xh3zkppy5yhankx.wav,2.54,1.45,1.09,4.0
val,133,1,val/133.wav,datasets/audio_package_500/original_switch/hindi_english_train/orig_hindi_056_8xh3zkppy5yhankx.wav,2.8200000000000003,1.45,1.37,4.0
val,134,1,val/134.wav,datasets/audio_package_500/original_switch/hindi_english_train/orig_hindi_067_38b2vdmniihgj1ox.wav,2.38,1.37,1.01,4.0
val,135,1,val/135.wav,datasets/audio_package_500/original_switch/hindi_english_train/orig_hindi_067_38b2vdmniihgj1ox.wav,2.66,1.74,0.92,4.0
val,136,1,val/136.wav,datasets/audio_package_500/original_switch/hindi_english_train/orig_hindi_067_38b2vdmniihgj1ox.wav,2.93,1.61,1.32,4.0
val,137,1,val/137.wav,datasets/audio_package_500/original_switch/hindi_english_train/orig_hindi_067_38b2vdmniihgj1ox.wav,2.7800000000000002,1.62,1.16,4.0
val,138,1,val/138.wav,datasets/audio_package_500/original_switch/hindi_english_train/orig_hindi_067_38b2vdmniihgj1ox.wav,1.59,0.81,0.78,4.0
val,139,1,val/139.wav,datasets/audio_package_500/original_switch/hindi_english_train/orig_hindi_067_38b2vdmniihgj1ox.wav,2.7800000000000002,1.62,1.16,4.0
val,140,1,val/140.wav,datasets/audio_package_500/original_switch/hindi_english_train/orig_hindi_067_38b2vdmniihgj1ox.wav,2.49,1.24,1.25,4.0
val,141,1,val/141.wav,datasets/audio_package_500/original_switch/hindi_english_train/orig_hindi_067_38b2vdmniihgj1ox.wav,2.8200000000000003,1.58,1.24,4.0
val,142,1,val/142.wav,datasets/audio_package_500/original_switch/hindi_english_train/orig_hindi_067_38b2vdmniihgj1ox.wav,2.44,1.26,1.18,4.0
val,143,1,val/143.wav,datasets/audio_package_500/original_switch/hindi_english_train/orig_hindi_067_38b2vdmniihgj1ox.wav,2.39,1.57,0.82,4.0
val,144,1,val/144.wav,datasets/audio_package_500/original_switch/hindi_english_train/orig_hindi_067_38b2vdmniihgj1ox.wav,3.05,1.65,1.4,4.0
val,145,1,val/145.wav,datasets/audio_package_500/original_switch/hindi_english_train/orig_hindi_067_38b2vdmniihgj1ox.wav,2.6100000000000003,1.33,1.28,4.0
val,146,1,val/146.wav,datasets/audio_package_500/original_switch/hindi_english_train/orig_hindi_067_38b2vdmniihgj1ox.wav,2.41,1.47,0.94,4.0
val,147,1,val/147.wav,datasets/audio_package_500/original_switch/hindi_english_train/orig_hindi_067_38b2vdmniihgj1ox.wav,2.88,1.45,1.43,4.0
val,148,1,val/148.wav,datasets/audio_package_500/original_switch/hindi_english_train/orig_hindi_067_38b2vdmniihgj1ox.wav,2.95,1.5,1.45,4.0
val,149,1,val/149.wav,datasets/audio_package_500/original_switch/hindi_english_train/orig_hindi_067_38b2vdmniihgj1ox.wav,2.6,1.32,1.28,4.0
val,150,1,val/150.wav,datasets/audio_package_500/original_switch/hindi_english_train/orig_hindi_067_38b2vdmniihgj1ox.wav,2.74,1.44,1.3,4.0
val,151,1,val/151.wav,datasets/audio_package_500/original_switch/hindi_english_train/orig_hindi_067_38b2vdmniihgj1ox.wav,2.7,1.35,1.35,4.0
val,152,1,val/152.wav,datasets/audio_package_500/original_switch/hindi_english_train/orig_hindi_067_38b2vdmniihgj1ox.wav,2.5999999999999996,1.16,1.44,4.0
val,153,1,val/153.wav,datasets/audio_package_500/original_switch/hindi_english_train/orig_hindi_067_38b2vdmniihgj1ox.wav,2.73,1.21,1.52,4.0
val,154,1,val/154.wav,datasets/audio_package_500/original_switch/hindi_english_train/orig_hindi_067_38b2vdmniihgj1ox.wav,2.3,1.23,1.07,4.0
val,155,1,val/155.wav,datasets/audio_package_500/original_switch/hindi_english_train/orig_hindi_067_38b2vdmniihgj1ox.wav,2.58,1.14,1.44,4.0
val,156,1,val/156.wav,datasets/audio_package_500/original_switch/hindi_english_train/orig_hindi_067_38b2vdmniihgj1ox.wav,3.05,1.48,1.57,4.0
val,157,1,val/157.wav,datasets/audio_package_500/original_switch/hindi_english_train/orig_hindi_067_38b2vdmniihgj1ox.wav,2.0700000000000003,0.7,1.37,4.0
val,158,1,val/158.wav,datasets/audio_package_500/original_switch/hindi_english_train/orig_hindi_067_38b2vdmniihgj1ox.wav,2.48,1.09,1.39,4.0
val,159,1,val/159.wav,datasets/audio_package_500/original_switch/hindi_english_train/orig_hindi_067_38b2vdmniihgj1ox.wav,2.67,1.15,1.52,4.0
val,160,1,val/160.wav,datasets/audio_package_500/original_switch/hindi_english_train/orig_hindi_067_38b2vdmniihgj1ox.wav,2.71,1.56,1.15,4.0
val,161,1,val/161.wav,datasets/audio_package_500/original_switch/hindi_english_train/orig_hindi_067_38b2vdmniihgj1ox.wav,2.74,1.13,1.61,4.0
val,162,1,val/162.wav,datasets/audio_package_500/original_switch/hindi_english_train/orig_hindi_067_38b2vdmniihgj1ox.wav,2.96,1.76,1.2,4.0
val,163,1,val/163.wav,datasets/audio_package_500/original_switch/hindi_english_train/orig_hindi_083_dp5j8cldel6hhhsx.wav,2.46,1.66,0.8,4.0
val,164,1,val/164.wav,datasets/audio_package_500/original_switch/hindi_english_train/orig_hindi_083_dp5j8cldel6hhhsx.wav,2.87,1.34,1.53,4.0
val,165,1,val/165.wav,datasets/audio_package_500/original_switch/hindi_english_train/orig_hindi_098_frspnc4ixcuq9pbz.wav,2.94,1.46,1.48,4.0
val,166,1,val/166.wav,datasets/audio_package_500/original_switch/hindi_english_train/orig_hindi_098_frspnc4ixcuq9pbz.wav,2.98,1.46,1.52,4.0
val,167,1,val/167.wav,datasets/audio_package_500/original_switch/hindi_english_train/orig_hindi_098_frspnc4ixcuq9pbz.wav,2.98,1.47,1.51,4.0
val,168,1,val/168.wav,datasets/audio_package_500/original_switch/hindi_english_train/orig_hindi_098_frspnc4ixcuq9pbz.wav,3.1100000000000003,1.56,1.55,4.0
val,169,1,val/169.wav,datasets/audio_package_500/original_switch/hindi_english_train/orig_hindi_098_frspnc4ixcuq9pbz.wav,2.9400000000000004,1.32,1.62,4.0
val,170,1,val/170.wav,datasets/audio_package_500/original_switch/hindi_english_train/orig_hindi_098_frspnc4ixcuq9pbz.wav,2.96,1.36,1.6,4.0
val,171,1,val/171.wav,datasets/audio_package_500/original_switch/hindi_english_train/orig_hindi_098_frspnc4ixcuq9pbz.wav,2.9699999999999998,1.48,1.49,4.0
val,172,1,val/172.wav,datasets/audio_package_500/original_switch/hindi_english_train/orig_hindi_098_frspnc4ixcuq9pbz.wav,3.0,1.51,1.49,4.0
val,173,1,val/173.wav,datasets/audio_package_500/original_switch/hindi_english_train/orig_hindi_098_frspnc4ixcuq9pbz.wav,2.8200000000000003,1.59,1.23,4.0
val,174,1,val/174.wav,datasets/audio_package_500/original_switch/hindi_english_train/orig_hindi_098_frspnc4ixcuq9pbz.wav,2.98,1.45,1.53,4.0
val,175,1,val/175.wav,datasets/audio_package_500/original_switch/hindi_english_train/orig_hindi_098_frspnc4ixcuq9pbz.wav,2.9299999999999997,1.43,1.5,4.0
val,176,1,val/176.wav,datasets/audio_package_500/original_switch/hindi_english_train/orig_hindi_098_frspnc4ixcuq9pbz.wav,2.9699999999999998,1.32,1.65,4.0
val,177,1,val/177.wav,datasets/audio_package_500/original_switch/hindi_english_train/orig_hindi_098_frspnc4ixcuq9pbz.wav,2.96,1.44,1.52,4.0
val,178,1,val/178.wav,datasets/audio_package_500/original_switch/hindi_english_train/orig_hindi_098_frspnc4ixcuq9pbz.wav,3.1,1.74,1.36,4.0
val,179,1,val/179.wav,datasets/audio_package_500/original_switch/hindi_english_train/orig_hindi_098_frspnc4ixcuq9pbz.wav,3.17,1.63,1.54,4.0
val,180,1,val/180.wav,datasets/audio_package_500/original_switch/hindi_english_train/orig_hindi_098_frspnc4ixcuq9pbz.wav,2.8200000000000003,1.54,1.28,4.0
val,181,1,val/181.wav,datasets/audio_package_500/original_switch/hindi_english_train/orig_hindi_098_frspnc4ixcuq9pbz.wav,2.71,1.46,1.25,4.0
val,182,1,val/182.wav,datasets/audio_package_500/original_switch/hindi_english_train/orig_hindi_098_frspnc4ixcuq9pbz.wav,3.17,1.75,1.42,4.0
val,183,1,val/183.wav,datasets/audio_package_500/original_switch/hindi_english_train/orig_hindi_098_frspnc4ixcuq9pbz.wav,2.96,1.46,1.5,4.0
val,184,1,val/184.wav,datasets/audio_package_500/original_switch/hindi_english_train/orig_hindi_098_frspnc4ixcuq9pbz.wav,3.0700000000000003,1.62,1.45,4.0
val,185,1,val/185.wav,datasets/audio_package_500/original_switch/hindi_english_train/orig_hindi_098_frspnc4ixcuq9pbz.wav,3.0,1.47,1.53,4.0
val,186,1,val/186.wav,datasets/audio_package_500/original_switch/hindi_english_train/orig_hindi_098_frspnc4ixcuq9pbz.wav,3.01,1.37,1.64,4.0
val,187,1,val/187.wav,datasets/audio_package_500/original_switch/hindi_english_train/orig_hindi_098_frspnc4ixcuq9pbz.wav,2.71,1.57,1.14,4.0
val,188,1,val/188.wav,datasets/audio_package_500/original_switch/hindi_english_train/orig_hindi_098_frspnc4ixcuq9pbz.wav,2.85,1.53,1.32,4.0
val,189,1,val/189.wav,datasets/audio_package_500/original_switch/hindi_english_train/orig_hindi_098_frspnc4ixcuq9pbz.wav,2.7800000000000002,1.53,1.25,4.0
val,190,1,val/190.wav,datasets/audio_package_500/original_switch/hindi_english_train/orig_hindi_098_frspnc4ixcuq9pbz.wav,2.71,1.29,1.42,4.0
val,191,1,val/191.wav,datasets/audio_package_500/original_switch/hindi_english_train/orig_hindi_098_frspnc4ixcuq9pbz.wav,2.8,1.28,1.52,4.0
val,192,1,val/192.wav,datasets/audio_package_500/original_switch/hindi_english_train/orig_hindi_098_frspnc4ixcuq9pbz.wav,2.6799999999999997,1.44,1.24,4.0
val,193,1,val/193.wav,datasets/audio_package_500/original_switch/hindi_english_train/orig_hindi_098_frspnc4ixcuq9pbz.wav,2.8,1.25,1.55,4.0
val,194,1,val/194.wav,datasets/audio_package_500/original_switch/hindi_english_train/orig_hindi_098_frspnc4ixcuq9pbz.wav,2.8200000000000003,1.2,1.62,4.0
val,195,1,val/195.wav,datasets/audio_package_500/original_switch/hindi_english_train/orig_hindi_098_frspnc4ixcuq9pbz.wav,3.06,1.53,1.53,4.0
val,196,1,val/196.wav,datasets/audio_package_500/original_switch/hindi_english_train/orig_hindi_098_frspnc4ixcuq9pbz.wav,3.0,1.44,1.56,4.0
val,197,1,val/197.wav,datasets/audio_package_500/original_switch/hindi_english_train/orig_hindi_098_frspnc4ixcuq9pbz.wav,3.0999999999999996,1.45,1.65,4.0
val,198,1,val/198.wav,datasets/audio_package_500/original_switch/hindi_english_train/orig_hindi_098_frspnc4ixcuq9pbz.wav,3.07,1.65,1.42,4.0
val,199,1,val/199.wav,datasets/audio_package_500/original_switch/hindi_english_train/orig_hindi_098_frspnc4ixcuq9pbz.wav,3.0599999999999996,1.38,1.68,4.0
val,200,1,val/200.wav,datasets/audio_package_500/original_switch/hindi_english_train/orig_hindi_098_frspnc4ixcuq9pbz.wav,2.81,1.36,1.45,4.0
val,201,1,val/201.wav,datasets/audio_package_500/original_switch/hindi_english_train/orig_hindi_098_frspnc4ixcuq9pbz.wav,2.74,1.29,1.45,4.0
val,202,1,val/202.wav,datasets/audio_package_500/original_switch/hindi_english_train/orig_hindi_098_frspnc4ixcuq9pbz.wav,2.84,1.31,1.53,4.0
val,203,1,val/203.wav,datasets/audio_package_500/original_switch/hindi_english_train/orig_hindi_098_frspnc4ixcuq9pbz.wav,2.96,1.45,1.51,4.0
val,204,1,val/204.wav,datasets/audio_package_500/original_switch/hindi_english_train/orig_hindi_098_frspnc4ixcuq9pbz.wav,3.1100000000000003,1.53,1.58,4.0
val,205,1,val/205.wav,datasets/audio_package_500/original_switch/hindi_english_train/orig_hindi_098_frspnc4ixcuq9pbz.wav,3.1,1.74,1.36,4.0
val,206,1,val/206.wav,datasets/audio_package_500/original_switch/hindi_english_train/orig_hindi_098_frspnc4ixcuq9pbz.wav,2.8200000000000003,1.51,1.31,4.0
val,207,1,val/207.wav,datasets/audio_package_500/original_switch/hindi_english_train/orig_hindi_098_frspnc4ixcuq9pbz.wav,2.98,1.39,1.59,4.0
val,208,1,val/208.wav,datasets/audio_package_500/original_switch/hindi_english_train/orig_hindi_098_frspnc4ixcuq9pbz.wav,3.15,1.65,1.5,4.0
val,209,1,val/209.wav,datasets/audio_package_500/original_switch/hindi_english_train/orig_hindi_098_frspnc4ixcuq9pbz.wav,3.13,1.54,1.59,4.0
val,210,1,val/210.wav,datasets/audio_package_500/original_switch/hindi_english_train/orig_hindi_098_frspnc4ixcuq9pbz.wav,2.22,1.3,0.92,4.0
val,211,1,val/211.wav,datasets/audio_package_500/original_switch/hindi_english_train/orig_hindi_098_frspnc4ixcuq9pbz.wav,2.63,1.18,1.45,4.0
val,212,1,val/212.wav,datasets/audio_package_500/original_switch/hindi_english_train/orig_hindi_098_frspnc4ixcuq9pbz.wav,2.62,1.69,0.93,4.0
val,213,1,val/213.wav,datasets/audio_package_500/original_switch/hindi_english_train/orig_hindi_098_frspnc4ixcuq9pbz.wav,2.58,1.09,1.49,4.0
val,214,1,val/214.wav,datasets/audio_package_500/original_switch/hindi_english_train/orig_hindi_098_frspnc4ixcuq9pbz.wav,2.74,1.18,1.56,4.0
val,215,1,val/215.wav,datasets/audio_package_500/original_switch/hindi_english_train/orig_hindi_098_frspnc4ixcuq9pbz.wav,2.87,1.49,1.38,4.0
val,216,1,val/216.wav,datasets/audio_package_500/original_switch/hindi_english_train/orig_hindi_098_frspnc4ixcuq9pbz.wav,2.45,0.95,1.5,4.0
val,217,1,val/217.wav,datasets/audio_package_500/original_switch/hindi_english_train/orig_hindi_098_frspnc4ixcuq9pbz.wav,2.88,1.62,1.26,4.0
val,218,1,val/218.wav,datasets/audio_package_500/original_switch/hindi_english_train/orig_hindi_098_frspnc4ixcuq9pbz.wav,2.91,1.53,1.38,4.0
val,219,1,val/219.wav,datasets/audio_package_500/original_switch/hindi_english_train/orig_hindi_098_frspnc4ixcuq9pbz.wav,2.84,1.56,1.28,4.0
val,220,1,val/220.wav,datasets/audio_package_500/original_switch/hindi_english_train/orig_hindi_098_frspnc4ixcuq9pbz.wav,2.9400000000000004,1.36,1.58,4.0
val,221,1,val/221.wav,datasets/audio_package_500/original_switch/hindi_english_train/orig_hindi_098_frspnc4ixcuq9pbz.wav,2.9,1.39,1.51,4.0
val,222,1,val/222.wav,datasets/audio_package_500/original_switch/hindi_english_train/orig_hindi_098_frspnc4ixcuq9pbz.wav,2.84,1.41,1.43,4.0
val,223,1,val/223.wav,datasets/audio_package_500/original_switch/hindi_english_train/orig_hindi_098_frspnc4ixcuq9pbz.wav,2.97,1.6,1.37,4.0
val,224,1,val/224.wav,datasets/audio_package_500/original_switch/hindi_english_train/orig_hindi_098_frspnc4ixcuq9pbz.wav,2.87,1.25,1.62,4.0
val,225,1,val/225.wav,datasets/audio_package_500/original_switch/hindi_english_train/orig_hindi_098_frspnc4ixcuq9pbz.wav,2.92,1.64,1.28,4.0
val,226,1,val/226.wav,datasets/audio_package_500/original_switch/hindi_english_train/orig_hindi_098_frspnc4ixcuq9pbz.wav,2.8200000000000003,1.35,1.47,4.0
val,227,1,val/227.wav,datasets/audio_package_500/original_switch/hindi_english_train/orig_hindi_098_frspnc4ixcuq9pbz.wav,2.6500000000000004,1.31,1.34,4.0
val,228,1,val/228.wav,datasets/audio_package_500/original_switch/hindi_english_train/orig_hindi_098_frspnc4ixcuq9pbz.wav,2.87,1.47,1.4,4.0
val,229,1,val/229.wav,datasets/audio_package_500/original_switch/hindi_english_train/orig_hindi_098_frspnc4ixcuq9pbz.wav,2.8,1.42,1.38,4.0
val,230,1,val/230.wav,datasets/audio_package_500/original_switch/hindi_english_train/orig_hindi_098_frspnc4ixcuq9pbz.wav,3.0,1.57,1.43,4.0
val,231,1,val/231.wav,datasets/audio_package_500/original_switch/hindi_english_train/orig_hindi_098_frspnc4ixcuq9pbz.wav,2.45,0.89,1.56,4.0
val,232,1,val/232.wav,datasets/audio_package_500/original_switch/hindi_english_train/orig_hindi_098_frspnc4ixcuq9pbz.wav,2.16,1.5,0.66,4.0
val,233,1,val/233.wav,datasets/audio_package_500/original_switch/hindi_english_train/orig_hindi_098_frspnc4ixcuq9pbz.wav,2.13,1.19,0.94,4.0
val,234,1,val/234.wav,datasets/audio_package_500/original_switch/hindi_english_train/orig_hindi_098_frspnc4ixcuq9pbz.wav,3.08,1.54,1.54,4.0
val,235,1,val/235.wav,datasets/audio_package_500/original_switch/hindi_english_train/orig_hindi_098_frspnc4ixcuq9pbz.wav,3.14,1.36,1.78,4.0
val,236,1,val/236.wav,datasets/audio_package_500/original_switch/hindi_english_train/orig_hindi_098_frspnc4ixcuq9pbz.wav,2.74,1.31,1.43,4.0
val,237,1,val/237.wav,datasets/audio_package_500/original_switch/hindi_english_train/orig_hindi_098_frspnc4ixcuq9pbz.wav,2.7,1.26,1.44,4.0
val,238,1,val/238.wav,datasets/audio_package_500/original_switch/hindi_english_train/orig_hindi_098_frspnc4ixcuq9pbz.wav,2.8,1.37,1.43,4.0
val,239,1,val/239.wav,datasets/audio_package_500/original_switch/hindi_english_train/orig_hindi_098_frspnc4ixcuq9pbz.wav,2.96,1.34,1.62,4.0
val,240,1,val/240.wav,datasets/audio_package_500/original_switch/hindi_english_train/orig_hindi_098_frspnc4ixcuq9pbz.wav,3.04,1.44,1.6,4.0
val,241,1,val/241.wav,datasets/audio_package_500/original_switch/hindi_english_train/orig_hindi_098_frspnc4ixcuq9pbz.wav,3.0999999999999996,1.43,1.67,4.0
val,242,1,val/242.wav,datasets/audio_package_500/original_switch/hindi_english_train/orig_hindi_098_frspnc4ixcuq9pbz.wav,3.0300000000000002,1.47,1.56,4.0
val,243,1,val/243.wav,datasets/audio_package_500/original_switch/hindi_english_train/orig_hindi_098_frspnc4ixcuq9pbz.wav,3.1799999999999997,1.48,1.7,4.0
val,244,1,val/244.wav,datasets/audio_package_500/original_switch/hindi_english_train/orig_hindi_098_frspnc4ixcuq9pbz.wav,3.21,1.62,1.59,4.0
val,245,1,val/245.wav,datasets/audio_package_500/original_switch/hindi_english_train/orig_hindi_098_frspnc4ixcuq9pbz.wav,2.09,0.95,1.14,4.0
val,246,1,val/246.wav,datasets/audio_package_500/original_switch/hindi_english_train/orig_hindi_098_frspnc4ixcuq9pbz.wav,3.3099999999999996,1.64,1.67,4.0
val,247,1,val/247.wav,datasets/audio_package_500/original_switch/hindi_english_train/orig_hindi_098_frspnc4ixcuq9pbz.wav,2.24,0.74,1.5,4.0
val,248,1,val/248.wav,datasets/audio_package_500/original_switch/hindi_english_train/orig_hindi_098_frspnc4ixcuq9pbz.wav,2.44,0.92,1.52,4.0
val,249,1,val/249.wav,datasets/audio_package_500/original_switch/hindi_english_train/orig_hindi_098_frspnc4ixcuq9pbz.wav,3.19,1.66,1.53,4.0
val,250,1,val/250.wav,datasets/audio_package_500/original_switch/hindi_english_train/orig_hindi_098_frspnc4ixcuq9pbz.wav,2.85,1.28,1.57,4.0
val,251,1,val/251.wav,datasets/audio_package_500/original_switch/hindi_english_train/orig_hindi_098_frspnc4ixcuq9pbz.wav,2.16,0.98,1.18,4.0
val,252,1,val/252.wav,datasets/audio_package_500/original_switch/hindi_english_train/orig_hindi_098_frspnc4ixcuq9pbz.wav,2.88,1.64,1.24,4.0
val,253,1,val/253.wav,datasets/audio_package_500/original_switch/hindi_english_train/orig_hindi_098_frspnc4ixcuq9pbz.wav,1.78,1.22,0.56,4.0
val,254,1,val/254.wav,datasets/audio_package_500/original_switch/hindi_english_train/orig_hindi_098_frspnc4ixcuq9pbz.wav,2.58,1.58,1.0,4.0
val,255,1,val/255.wav,datasets/audio_package_500/original_switch/hindi_english_train/orig_hindi_098_frspnc4ixcuq9pbz.wav,2.49,1.24,1.25,4.0
val,256,1,val/256.wav,datasets/audio_package_500/original_switch/hindi_english_train/orig_hindi_098_frspnc4ixcuq9pbz.wav,2.63,1.25,1.38,4.0
val,257,1,val/257.wav,datasets/audio_package_500/original_switch/hindi_english_train/orig_hindi_098_frspnc4ixcuq9pbz.wav,2.6100000000000003,1.36,1.25,4.0
val,258,1,val/258.wav,datasets/audio_package_500/original_switch/hindi_english_train/orig_hindi_098_frspnc4ixcuq9pbz.wav,2.5,1.13,1.37,4.0
val,259,1,val/259.wav,datasets/audio_package_500/original_switch/hindi_english_train/orig_hindi_098_frspnc4ixcuq9pbz.wav,2.55,1.27,1.28,4.0
val,260,1,val/260.wav,datasets/audio_package_500/original_switch/hindi_english_train/orig_hindi_098_frspnc4ixcuq9pbz.wav,2.74,1.32,1.42,4.0
val,261,1,val/261.wav,datasets/audio_package_500/original_switch/hindi_english_train/orig_hindi_098_frspnc4ixcuq9pbz.wav,2.71,1.43,1.28,4.0
val,262,1,val/262.wav,datasets/audio_package_500/original_switch/hindi_english_train/orig_hindi_098_frspnc4ixcuq9pbz.wav,3.32,1.66,1.66,4.0
val,263,1,val/263.wav,datasets/audio_package_500/original_switch/hindi_english_train/orig_hindi_098_frspnc4ixcuq9pbz.wav,3.37,1.78,1.59,4.0
val,264,1,val/264.wav,datasets/audio_package_500/original_switch/hindi_english_train/orig_hindi_098_frspnc4ixcuq9pbz.wav,3.3499999999999996,1.71,1.64,4.0
val,265,1,val/265.wav,datasets/audio_package_500/original_switch/hindi_english_train/orig_hindi_098_frspnc4ixcuq9pbz.wav,3.3099999999999996,1.66,1.65,4.0
val,266,1,val/266.wav,datasets/audio_package_500/original_switch/hindi_english_train/orig_hindi_098_frspnc4ixcuq9pbz.wav,3.13,1.72,1.41,4.0
val,267,1,val/267.wav,datasets/audio_package_500/original_switch/hindi_english_train/orig_hindi_098_frspnc4ixcuq9pbz.wav,2.48,1.06,1.42,4.0
val,268,1,val/268.wav,datasets/audio_package_500/original_switch/hindi_english_train/orig_hindi_098_frspnc4ixcuq9pbz.wav,2.63,1.37,1.26,4.0
val,269,1,val/269.wav,datasets/audio_package_500/original_switch/hindi_english_train/orig_hindi_098_frspnc4ixcuq9pbz.wav,2.6,1.26,1.34,4.0
val,270,1,val/270.wav,datasets/audio_package_500/original_switch/hindi_english_train/orig_hindi_098_frspnc4ixcuq9pbz.wav,2.8200000000000003,1.59,1.23,4.0
val,271,1,val/271.wav,datasets/audio_package_500/original_switch/hindi_english_train/orig_hindi_098_frspnc4ixcuq9pbz.wav,2.8099999999999996,1.4,1.41,4.0
val,272,1,val/272.wav,datasets/audio_package_500/original_switch/hindi_english_train/orig_hindi_098_frspnc4ixcuq9pbz.wav,2.4000000000000004,1.3,1.1,4.0
val,273,1,val/273.wav,datasets/audio_package_500/original_switch/hindi_english_train/orig_hindi_098_frspnc4ixcuq9pbz.wav,2.66,1.25,1.41,4.0
val,274,1,val/274.wav,datasets/audio_package_500/original_switch/hindi_english_train/orig_hindi_098_frspnc4ixcuq9pbz.wav,2.55,0.99,1.56,4.0
val,275,1,val/275.wav,datasets/audio_package_500/original_switch/hindi_english_train/orig_hindi_098_frspnc4ixcuq9pbz.wav,2.63,1.1,1.53,4.0
val,276,1,val/276.wav,datasets/audio_package_500/original_switch/hindi_english_train/orig_hindi_098_frspnc4ixcuq9pbz.wav,2.7800000000000002,1.03,1.75,4.0
val,277,1,val/277.wav,datasets/audio_package_500/original_switch/hindi_english_train/orig_hindi_098_frspnc4ixcuq9pbz.wav,3.0199999999999996,1.39,1.63,4.0
val,278,1,val/278.wav,datasets/audio_package_500/original_switch/hindi_english_train/orig_hindi_105_4r0tic1kpymq5vvc.wav,2.9699999999999998,1.38,1.59,4.0
val,279,1,val/279.wav,datasets/audio_package_500/original_switch/hindi_english_train/orig_hindi_105_4r0tic1kpymq5vvc.wav,2.86,1.39,1.47,4.0
val,280,1,val/280.wav,datasets/audio_package_500/original_switch/hindi_english_train/orig_hindi_105_4r0tic1kpymq5vvc.wav,3.33,1.62,1.71,4.0
val,281,1,val/281.wav,datasets/audio_package_500/original_switch/hindi_english_train/orig_hindi_105_4r0tic1kpymq5vvc.wav,2.58,1.1,1.48,4.0
val,282,1,val/282.wav,datasets/audio_package_500/original_switch/hindi_english_train/orig_hindi_105_4r0tic1kpymq5vvc.wav,2.65,1.13,1.52,4.0
val,283,1,val/283.wav,datasets/audio_package_500/original_switch/hindi_english_train/orig_hindi_105_4r0tic1kpymq5vvc.wav,3.04,1.54,1.5,4.0
val,284,1,val/284.wav,datasets/audio_package_500/original_switch/hindi_english_train/orig_hindi_105_4r0tic1kpymq5vvc.wav,2.9299999999999997,1.47,1.46,4.0
val,285,1,val/285.wav,datasets/audio_package_500/original_switch/hindi_english_train/orig_hindi_105_4r0tic1kpymq5vvc.wav,3.02,1.57,1.45,4.0
val,286,1,val/286.wav,datasets/audio_package_500/original_switch/hindi_english_train/orig_hindi_105_4r0tic1kpymq5vvc.wav,2.59,1.6,0.99,4.0
val,287,1,val/287.wav,datasets/audio_package_500/original_switch/hindi_english_train/orig_hindi_105_4r0tic1kpymq5vvc.wav,2.74,1.4,1.34,4.0
val,288,1,val/288.wav,datasets/audio_package_500/original_switch/hindi_english_train/orig_hindi_105_4r0tic1kpymq5vvc.wav,2.7199999999999998,1.3,1.42,4.0
val,289,1,val/289.wav,datasets/audio_package_500/original_switch/hindi_english_train/orig_hindi_105_4r0tic1kpymq5vvc.wav,3.0300000000000002,1.45,1.58,4.0
val,290,1,val/290.wav,datasets/audio_package_500/original_switch/hindi_english_train/orig_hindi_105_4r0tic1kpymq5vvc.wav,2.9400000000000004,1.37,1.57,4.0
val,291,1,val/291.wav,datasets/audio_package_500/original_switch/hindi_english_train/orig_hindi_105_4r0tic1kpymq5vvc.wav,2.9000000000000004,1.28,1.62,4.0
val,292,1,val/292.wav,datasets/audio_package_500/original_switch/hindi_english_train/orig_hindi_105_4r0tic1kpymq5vvc.wav,2.87,1.3,1.57,4.0
val,293,1,val/293.wav,datasets/audio_package_500/original_switch/hindi_english_train/orig_hindi_105_4r0tic1kpymq5vvc.wav,2.98,1.22,1.76,4.0
val,294,1,val/294.wav,datasets/audio_package_500/original_switch/hindi_english_train/orig_hindi_105_4r0tic1kpymq5vvc.wav,3.09,1.35,1.74,4.0
val,295,1,val/295.wav,datasets/audio_package_500/original_switch/hindi_english_train/orig_hindi_105_4r0tic1kpymq5vvc.wav,2.26,0.98,1.28,4.0
val,296,1,val/296.wav,datasets/audio_package_500/original_switch/hindi_english_train/orig_hindi_105_4r0tic1kpymq5vvc.wav,2.8600000000000003,1.35,1.51,4.0
val,297,1,val/297.wav,datasets/audio_package_500/original_switch/hindi_english_train/orig_hindi_105_4r0tic1kpymq5vvc.wav,2.83,1.17,1.66,4.0
val,298,1,val/298.wav,datasets/audio_package_500/original_switch/hindi_english_train/orig_hindi_105_4r0tic1kpymq5vvc.wav,2.71,1.47,1.24,4.0
val,299,1,val/299.wav,datasets/audio_package_500/original_switch/hindi_english_train/orig_hindi_105_4r0tic1kpymq5vvc.wav,2.87,1.32,1.55,4.0
val,300,1,val/300.wav,datasets/audio_package_500/original_switch/hindi_english_train/orig_hindi_105_4r0tic1kpymq5vvc.wav,2.49,0.98,1.51,4.0
val,301,1,val/301.wav,datasets/audio_package_500/original_switch/hindi_english_train/orig_hindi_105_4r0tic1kpymq5vvc.wav,2.85,1.29,1.56,4.0
val,302,1,val/302.wav,datasets/audio_package_500/original_switch/hindi_english_train/orig_hindi_105_4r0tic1kpymq5vvc.wav,3.09,1.51,1.58,4.0
val,303,1,val/303.wav,datasets/audio_package_500/original_switch/hindi_english_train/orig_hindi_105_4r0tic1kpymq5vvc.wav,2.98,1.48,1.5,4.0
val,304,1,val/304.wav,datasets/audio_package_500/original_switch/hindi_english_train/orig_hindi_105_4r0tic1kpymq5vvc.wav,2.59,1.2,1.39,4.0
val,305,1,val/305.wav,datasets/audio_package_500/original_switch/hindi_english_train/orig_hindi_105_4r0tic1kpymq5vvc.wav,2.95,1.61,1.34,4.0
val,306,1,val/306.wav,datasets/audio_package_500/original_switch/hindi_english_train/orig_hindi_105_4r0tic1kpymq5vvc.wav,2.3499999999999996,0.96,1.39,4.0
val,307,1,val/307.wav,datasets/audio_package_500/original_switch/hindi_english_train/orig_hindi_105_4r0tic1kpymq5vvc.wav,2.48,1.25,1.23,4.0
val,308,1,val/308.wav,datasets/audio_package_500/original_switch/hindi_english_train/orig_hindi_105_4r0tic1kpymq5vvc.wav,2.91,1.59,1.32,4.0
val,309,1,val/309.wav,datasets/audio_package_500/original_switch/hindi_english_train/orig_hindi_105_4r0tic1kpymq5vvc.wav,2.65,1.21,1.44,4.0
val,310,1,val/310.wav,datasets/audio_package_500/original_switch/hindi_english_train/orig_hindi_105_4r0tic1kpymq5vvc.wav,2.54,1.31,1.23,4.0
val,311,1,val/311.wav,datasets/audio_package_500/original_switch/hindi_english_train/orig_hindi_105_4r0tic1kpymq5vvc.wav,2.71,1.31,1.4,4.0
val,312,1,val/312.wav,datasets/audio_package_500/original_switch/hindi_english_train/orig_hindi_105_4r0tic1kpymq5vvc.wav,3.0700000000000003,1.62,1.45,4.0
val,313,1,val/313.wav,datasets/audio_package_500/original_switch/hindi_english_train/orig_hindi_105_4r0tic1kpymq5vvc.wav,3.01,1.59,1.42,4.0
val,314,1,val/314.wav,datasets/audio_package_500/original_switch/hindi_english_train/orig_hindi_120_n4acc4gnqw0im1ww.wav,2.55,1.41,1.14,4.0
val,315,1,val/315.wav,datasets/audio_package_500/original_switch/hindi_english_train/orig_hindi_120_n4acc4gnqw0im1ww.wav,2.88,1.55,1.33,4.0
val,316,1,val/316.wav,datasets/audio_package_500/original_switch/hindi_english_train/orig_hindi_120_n4acc4gnqw0im1ww.wav,2.5,1.25,1.25,4.0
val,317,1,val/317.wav,datasets/audio_package_500/original_switch/hindi_english_train/orig_hindi_120_n4acc4gnqw0im1ww.wav,2.5700000000000003,1.46,1.11,4.0
val,318,1,val/318.wav,datasets/audio_package_500/original_switch/hindi_english_train/orig_hindi_120_n4acc4gnqw0im1ww.wav,2.8200000000000003,1.35,1.47,4.0
val,319,1,val/319.wav,datasets/audio_package_500/original_switch/hindi_english_train/orig_hindi_120_n4acc4gnqw0im1ww.wav,2.3,1.07,1.23,4.0
val,320,1,val/320.wav,datasets/audio_package_500/original_switch/hindi_english_train/orig_hindi_120_n4acc4gnqw0im1ww.wav,2.48,1.43,1.05,4.0
val,321,1,val/321.wav,datasets/audio_package_500/original_switch/hindi_english_train/orig_hindi_120_n4acc4gnqw0im1ww.wav,2.86,1.2,1.66,4.0
val,322,1,val/322.wav,datasets/audio_package_500/original_switch/hindi_english_train/orig_hindi_120_n4acc4gnqw0im1ww.wav,2.69,1.5,1.19,4.0
val,323,1,val/323.wav,datasets/audio_package_500/original_switch/hindi_english_train/orig_hindi_120_n4acc4gnqw0im1ww.wav,2.56,1.31,1.25,4.0
val,324,1,val/324.wav,datasets/audio_package_500/original_switch/hindi_english_train/orig_hindi_120_n4acc4gnqw0im1ww.wav,1.73,0.75,0.98,4.0
val,325,1,val/325.wav,datasets/audio_package_500/original_switch/hindi_english_train/orig_hindi_120_n4acc4gnqw0im1ww.wav,2.29,1.21,1.08,4.0
val,326,1,val/326.wav,datasets/audio_package_500/original_switch/hindi_english_train/orig_hindi_120_n4acc4gnqw0im1ww.wav,2.62,1.27,1.35,4.0
val,327,1,val/327.wav,datasets/audio_package_500/original_switch/hindi_english_train/orig_hindi_120_n4acc4gnqw0im1ww.wav,2.13,1.39,0.74,4.0
val,328,1,val/328.wav,datasets/audio_package_500/original_switch/hindi_english_train/orig_hindi_120_n4acc4gnqw0im1ww.wav,2.9400000000000004,1.35,1.59,4.0
val,329,1,val/329.wav,datasets/audio_package_500/original_switch/hindi_english_train/orig_hindi_120_n4acc4gnqw0im1ww.wav,2.7800000000000002,1.3,1.48,4.0
val,330,1,val/330.wav,datasets/audio_package_500/original_switch/hindi_english_train/orig_hindi_120_n4acc4gnqw0im1ww.wav,2.7,1.3,1.4,4.0
val,331,1,val/331.wav,datasets/audio_package_500/original_switch/hindi_english_train/orig_hindi_120_n4acc4gnqw0im1ww.wav,2.4000000000000004,1.09,1.31,4.0
val,332,1,val/332.wav,datasets/audio_package_500/original_switch/hindi_english_train/orig_hindi_120_n4acc4gnqw0im1ww.wav,2.91,1.5,1.41,4.0
val,333,1,val/333.wav,datasets/audio_package_500/original_switch/hindi_english_train/orig_hindi_120_n4acc4gnqw0im1ww.wav,3.07,1.67,1.4,4.0
val,334,1,val/334.wav,datasets/audio_package_500/original_switch/hindi_english_train/orig_hindi_120_n4acc4gnqw0im1ww.wav,2.82,1.4,1.42,4.0
val,335,1,val/335.wav,datasets/audio_package_500/original_switch/hindi_english_train/orig_hindi_120_n4acc4gnqw0im1ww.wav,2.54,1.26,1.28,4.0
val,336,1,val/336.wav,datasets/audio_package_500/original_switch/hindi_english_train/orig_hindi_120_n4acc4gnqw0im1ww.wav,3.1500000000000004,1.6,1.55,4.0
val,337,1,val/337.wav,datasets/audio_package_500/original_switch/hindi_english_train/orig_hindi_120_n4acc4gnqw0im1ww.wav,2.33,1.41,0.92,4.0
val,338,1,val/338.wav,datasets/audio_package_500/original_switch/hindi_english_train/orig_hindi_120_n4acc4gnqw0im1ww.wav,2.96,1.63,1.33,4.0
val,339,1,val/339.wav,datasets/audio_package_500/original_switch/hindi_english_train/orig_hindi_120_n4acc4gnqw0im1ww.wav,2.98,1.6,1.38,4.0
val,340,1,val/340.wav,datasets/audio_package_500/original_switch/hindi_english_train/orig_hindi_120_n4acc4gnqw0im1ww.wav,2.88,1.39,1.49,4.0
val,341,1,val/341.wav,datasets/audio_package_500/original_switch/hindi_english_train/orig_hindi_120_n4acc4gnqw0im1ww.wav,2.45,1.3,1.15,4.0
val,342,1,val/342.wav,datasets/audio_package_500/original_switch/hindi_english_train/orig_hindi_120_n4acc4gnqw0im1ww.wav,2.5,1.08,1.42,4.0
val,343,1,val/343.wav,datasets/audio_package_500/original_switch/hindi_english_train/orig_hindi_120_n4acc4gnqw0im1ww.wav,2.41,1.1,1.31,4.0
val,344,1,val/344.wav,datasets/audio_package_500/original_switch/hindi_english_train/orig_hindi_120_n4acc4gnqw0im1ww.wav,3.09,1.78,1.31,4.0
val,345,1,val/345.wav,datasets/audio_package_500/original_switch/hindi_english_train/orig_hindi_120_n4acc4gnqw0im1ww.wav,2.98,1.33,1.65,4.0
val,346,1,val/346.wav,datasets/audio_package_500/original_switch/hindi_english_train/orig_hindi_120_n4acc4gnqw0im1ww.wav,3.3600000000000003,1.78,1.58,4.0
val,347,1,val/347.wav,datasets/audio_package_500/original_switch/hindi_english_train/orig_hindi_120_n4acc4gnqw0im1ww.wav,3.06,1.54,1.52,4.0
val,348,1,val/348.wav,datasets/audio_package_500/original_switch/hindi_english_train/orig_hindi_120_n4acc4gnqw0im1ww.wav,3.1900000000000004,1.57,1.62,4.0
val,349,0,val/349.wav,datasets/audio_package_500/inserted_crossfade/inserted_001_000032_210_10987_210_4163_1_1529760555_4123902_123.wav,1.42,1.0,0.42,4.0
val,350,0,val/350.wav,datasets/audio_package_500/inserted_crossfade/inserted_001_000032_210_10987_210_4163_1_1529760555_4123902_123.wav,1.77,0.88,0.89,4.0
val,351,0,val/351.wav,datasets/audio_package_500/inserted_crossfade/inserted_002_000089_210_14056_210_4163_1_1530604483_7572827_495.wav,3.0,1.51,1.49,4.0
val,352,0,val/352.wav,datasets/audio_package_500/inserted_crossfade/inserted_003_000192_210_12868_210_6753_1_1530702479_3610564_275.wav,2.96,1.42,1.54,4.0
val,353,0,val/353.wav,datasets/audio_package_500/inserted_crossfade/inserted_004_000002_210_10987_210_4163_1_1529760555_4123902_102.wav,0.94,0.7,0.24,4.0
val,354,0,val/354.wav,datasets/audio_package_500/inserted_crossfade/inserted_005_000195_210_10987_210_4163_1_1529760555_4123902_373.wav,2.3099999999999996,1.15,1.16,4.0
val,355,0,val/355.wav,datasets/audio_package_500/inserted_crossfade/inserted_006_000137_210_14953_210_2151_1_1530701710_5616165_695.wav,2.7800000000000002,1.41,1.37,4.0
val,356,0,val/356.wav,datasets/audio_package_500/inserted_crossfade/inserted_007_000226_210_14928_210_5632_1_1530773461_4714000_134.wav,2.9,1.51,1.39,4.0
val,357,0,val/357.wav,datasets/audio_package_500/inserted_crossfade/inserted_007_000226_210_14928_210_5632_1_1530773461_4714000_134.wav,2.7199999999999998,1.34,1.38,4.0
val,358,0,val/358.wav,datasets/audio_package_500/inserted_crossfade/inserted_008_000147_210_10987_210_4163_1_1529760555_4123902_283.wav,2.9699999999999998,1.19,1.78,4.0
val,359,0,val/359.wav,datasets/audio_package_500/inserted_crossfade/inserted_009_000210_210_10987_210_4163_1_1529760555_4123902_386.wav,1.6099999999999999,0.82,0.79,4.0
val,360,0,val/360.wav,datasets/audio_package_500/inserted_crossfade/inserted_010_000376_210_10987_210_4163_1_1529760555_4123902_569.wav,2.77,1.46,1.31,4.0
val,361,0,val/361.wav,datasets/audio_package_500/inserted_crossfade/inserted_010_000376_210_10987_210_4163_1_1529760555_4123902_569.wav,2.5700000000000003,1.26,1.31,4.0
val,362,0,val/362.wav,datasets/audio_package_500/inserted_crossfade/inserted_012_000287_210_10987_210_4163_1_1529760555_4123902_475.wav,2.23,0.77,1.46,4.0
val,363,0,val/363.wav,datasets/audio_package_500/inserted_crossfade/inserted_012_000287_210_10987_210_4163_1_1529760555_4123902_475.wav,2.31,0.91,1.4,4.0
val,364,0,val/364.wav,datasets/audio_package_500/inserted_crossfade/inserted_012_000287_210_10987_210_4163_1_1529760555_4123902_475.wav,2.05,1.05,1.0,4.0
val,365,0,val/365.wav,datasets/audio_package_500/inserted_crossfade/inserted_012_000287_210_10987_210_4163_1_1529760555_4123902_475.wav,1.9700000000000002,1.11,0.86,4.0
val,366,0,val/366.wav,datasets/audio_package_500/inserted_crossfade/inserted_013_000356_210_25767_210_2161_1_1532307483_3867748_525.wav,2.3899999999999997,1.15,1.24,4.0
val,367,0,val/367.wav,datasets/audio_package_500/inserted_crossfade/inserted_013_000356_210_25767_210_2161_1_1532307483_3867748_525.wav,1.69,1.3,0.39,4.0
val,368,0,val/368.wav,datasets/audio_package_500/inserted_crossfade/inserted_014_000385_210_10987_210_4163_1_1529760555_4123902_408.wav,2.3200000000000003,1.09,1.23,4.0
val,369,0,val/369.wav,datasets/audio_package_500/inserted_crossfade/inserted_014_000385_210_10987_210_4163_1_1529760555_4123902_408.wav,1.9100000000000001,1.51,0.4,4.0
val,370,0,val/370.wav,datasets/audio_package_500/inserted_crossfade/inserted_015_000246_210_10987_210_4163_1_1529760555_4123902_280.wav,2.58,1.26,1.32,4.0
val,371,0,val/371.wav,datasets/audio_package_500/inserted_crossfade/inserted_015_000246_210_10987_210_4163_1_1529760555_4123902_280.wav,2.71,1.27,1.44,4.0
val,372,0,val/372.wav,datasets/audio_package_500/inserted_crossfade/inserted_016_000084_210_11305_210_1794_1_1529750428_7178148_552.wav,1.18,0.29,0.89,4.0
val,373,0,val/373.wav,datasets/audio_package_500/inserted_crossfade/inserted_016_000084_210_11305_210_1794_1_1529750428_7178148_552.wav,1.88,0.88,1.0,4.0
val,374,0,val/374.wav,datasets/audio_package_500/inserted_crossfade/inserted_017_000102_210_11305_210_1794_1_1529750428_7178148_822.wav,2.9699999999999998,1.69,1.28,4.0
val,375,0,val/375.wav,datasets/audio_package_500/inserted_crossfade/inserted_019_000113_210_14854_210_9261_1_1530751862_7649582_69.wav,2.65,1.19,1.46,4.0
val,376,0,val/376.wav,datasets/audio_package_500/inserted_crossfade/inserted_021_000305_210_10987_210_4163_1_1529760555_4123902_490.wav,2.21,1.03,1.18,4.0
val,377,0,val/377.wav,datasets/audio_package_500/inserted_crossfade/inserted_021_000305_210_10987_210_4163_1_1529760555_4123902_490.wav,1.23,0.81,0.42,4.0
val,378,0,val/378.wav,datasets/audio_package_500/inserted_crossfade/inserted_022_000393_210_2655_210_2087_1_1525688959_3897400_141.wav,2.87,1.33,1.54,4.0
val,379,0,val/379.wav,datasets/audio_package_500/inserted_crossfade/inserted_022_000393_210_2655_210_2087_1_1525688959_3897400_141.wav,2.99,1.62,1.37,4.0
val,380,0,val/380.wav,datasets/audio_package_500/inserted_crossfade/inserted_022_000393_210_2655_210_2087_1_1525688959_3897400_141.wav,2.72,1.79,0.93,4.0
val,381,0,val/381.wav,datasets/audio_package_500/inserted_crossfade/inserted_023_000281_210_10987_210_4163_1_1529760555_4123902_316.wav,1.75,0.63,1.12,4.0
val,382,0,val/382.wav,datasets/audio_package_500/inserted_crossfade/inserted_023_000281_210_10987_210_4163_1_1529760555_4123902_316.wav,2.06,0.77,1.29,4.0
val,383,0,val/383.wav,datasets/audio_package_500/inserted_crossfade/inserted_024_000032_210_13091_210_7925_1_1530609447_8987354_919.wav,2.52,1.5,1.02,4.0
val,384,0,val/384.wav,datasets/audio_package_500/inserted_crossfade/inserted_025_000162_210_14831_210_7927_1_1530700200_5583610_129.wav,2.57,1.43,1.14,4.0
val,385,0,val/385.wav,datasets/audio_package_500/inserted_crossfade/inserted_026_000398_210_2655_210_2087_1_1525688959_3897400_374.wav,1.7000000000000002,1.07,0.63,4.0
val,386,0,val/386.wav,datasets/audio_package_500/inserted_crossfade/inserted_026_000398_210_2655_210_2087_1_1525688959_3897400_374.wav,2.1900000000000004,1.12,1.07,4.0
val,387,0,val/387.wav,datasets/audio_package_500/inserted_crossfade/inserted_026_000398_210_2655_210_2087_1_1525688959_3897400_374.wav,1.42,1.18,0.24,4.0
val,388,0,val/388.wav,datasets/audio_package_500/inserted_crossfade/inserted_027_000028_210_11243_210_6400_1_1529733547_7157180_155.wav,1.9100000000000001,0.89,1.02,4.0
val,389,0,val/389.wav,datasets/audio_package_500/inserted_crossfade/inserted_028_000308_210_14250_210_3528_1_1530613698_3834730_63.wav,2.6799999999999997,1.17,1.51,4.0
val,390,0,val/390.wav,datasets/audio_package_500/inserted_crossfade/inserted_029_000240_210_10987_210_4163_1_1529760555_4123902_276.wav,2.4699999999999998,1.33,1.14,4.0
val,391,0,val/391.wav,datasets/audio_package_500/inserted_crossfade/inserted_030_000254_210_14058_210_4163_1_1530690953_6327180_714.wav,2.0,0.87,1.13,4.0
val,392,0,val/392.wav,datasets/audio_package_500/inserted_crossfade/inserted_031_000271_210_13118_210_7925_1_1530755612_7608297_1079.wav,1.15,0.54,0.61,4.0
val,393,0,val/393.wav,datasets/audio_package_500/inserted_crossfade/inserted_032_000084_210_14597_210_9261_1_1530668986_7263853_338.wav,1.9,1.19,0.71,4.0
val,394,0,val/394.wav,datasets/audio_package_500/inserted_crossfade/inserted_033_000409_210_10987_210_4163_1_1529760555_4123902_422.wav,1.5699999999999998,0.86,0.71,4.0
val,395,0,val/395.wav,datasets/audio_package_500/inserted_crossfade/inserted_034_000257_210_13091_210_7925_1_1530609447_8987354_928.wav,2.25,1.05,1.2,4.0
val,396,0,val/396.wav,datasets/audio_package_500/inserted_crossfade/inserted_034_000257_210_13091_210_7925_1_1530609447_8987354_928.wav,3.1,1.35,1.75,4.0
val,397,0,val/397.wav,datasets/audio_package_500/inserted_crossfade/inserted_035_000040_210_11243_210_6400_1_1529733547_7157180_295.wav,2.83,1.47,1.36,4.0
val,398,0,val/398.wav,datasets/audio_package_500/inserted_crossfade/inserted_036_000100_210_10987_210_4163_1_1529760555_4123902_172.wav,2.01,1.07,0.94,4.0
val,399,0,val/399.wav,datasets/audio_package_500/inserted_crossfade/inserted_037_000035_210_10987_210_4163_1_1529760555_4123902_128.wav,2.0100000000000002,1.36,0.65,4.0
val,400,0,val/400.wav,datasets/audio_package_500/inserted_crossfade/inserted_037_000035_210_10987_210_4163_1_1529760555_4123902_128.wav,1.9300000000000002,0.6,1.33,4.0
val,401,0,val/401.wav,datasets/audio_package_500/inserted_crossfade/inserted_038_000313_210_14410_210_7927_1_1530609728_6207925_484.wav,2.27,1.12,1.15,4.0
val,402,0,val/402.wav,datasets/audio_package_500/inserted_crossfade/inserted_038_000313_210_14410_210_7927_1_1530609728_6207925_484.wav,2.27,1.2,1.07,4.0
val,403,0,val/403.wav,datasets/audio_package_500/inserted_crossfade/inserted_039_000034_210_11243_210_6400_1_1529733547_7157180_251.wav,1.85,0.54,1.31,4.0
val,404,0,val/404.wav,datasets/audio_package_500/inserted_crossfade/inserted_040_000365_210_20120_210_6753_1_1531643035_5482859_119.wav,1.6999999999999997,1.13,0.57,4.0
val,405,0,val/405.wav,datasets/audio_package_500/inserted_crossfade/inserted_041_000121_210_12868_210_6753_1_1530702479_3610564_49.wav,1.98,1.12,0.86,4.0
val,406,0,val/406.wav,datasets/audio_package_500/inserted_crossfade/inserted_042_000204_210_10987_210_4163_1_1529760555_4123902_244.wav,1.6400000000000001,0.63,1.01,4.0
val,407,0,val/407.wav,datasets/audio_package_500/inserted_crossfade/inserted_042_000204_210_10987_210_4163_1_1529760555_4123902_244.wav,2.13,0.75,1.38,4.0
val,408,0,val/408.wav,datasets/audio_package_500/inserted_crossfade/inserted_043_000063_210_14072_210_5632_1_1530687092_5046021_455.wav,2.5,1.09,1.41,4.0
val,409,0,val/409.wav,datasets/audio_package_500/inserted_crossfade/inserted_043_000063_210_14072_210_5632_1_1530687092_5046021_455.wav,2.97,1.6,1.37,4.0
val,410,0,val/410.wav,datasets/audio_package_500/inserted_crossfade/inserted_045_000128_210_13091_210_7925_1_1530609447_8987354_1132.wav,2.5300000000000002,1.18,1.35,4.0
val,411,0,val/411.wav,datasets/audio_package_500/inserted_crossfade/inserted_045_000128_210_13091_210_7925_1_1530609447_8987354_1132.wav,2.5,1.31,1.19,4.0
val,412,0,val/412.wav,datasets/audio_package_500/inserted_crossfade/inserted_045_000128_210_13091_210_7925_1_1530609447_8987354_1132.wav,2.67,1.47,1.2,4.0
val,413,0,val/413.wav,datasets/audio_package_500/inserted_crossfade/inserted_046_000398_210_21113_210_9261_1_1531961936_3344881_390.wav,2.52,1.7,0.82,4.0
val,414,0,val/414.wav,datasets/audio_package_500/inserted_crossfade/inserted_048_000022_210_10987_210_4163_1_1529760555_4123902_95.wav,2.53,1.15,1.38,4.0
val,415,0,val/415.wav,datasets/audio_package_500/inserted_crossfade/inserted_049_000326_210_10987_210_4163_1_1529760555_4123902_367.wav,2.3899999999999997,1.39,1.0,4.0
val,416,0,val/416.wav,datasets/audio_package_500/inserted_crossfade/inserted_050_000383_210_2045_210_2087_1_1525522532_2531781_134.wav,2.27,1.5,0.77,4.0
val,417,0,val/417.wav,datasets/audio_package_500/inserted_crossfade/inserted_050_000383_210_2045_210_2087_1_1525522532_2531781_134.wav,0.9299999999999999,0.62,0.31,4.0
val,418,0,val/418.wav,datasets/audio_package_500/inserted_crossfade/inserted_052_000353_210_14597_210_9261_1_1530668986_7263853_392.wav,2.75,1.39,1.36,4.0
val,419,0,val/419.wav,datasets/audio_package_500/inserted_crossfade/inserted_052_000353_210_14597_210_9261_1_1530668986_7263853_392.wav,2.3200000000000003,1.24,1.08,4.0
val,420,0,val/420.wav,datasets/audio_package_500/inserted_crossfade/inserted_052_000353_210_14597_210_9261_1_1530668986_7263853_392.wav,2.36,1.17,1.19,4.0
val,421,0,val/421.wav,datasets/audio_package_500/inserted_crossfade/inserted_052_000353_210_14597_210_9261_1_1530668986_7263853_392.wav,2.35,1.24,1.11,4.0
val,422,0,val/422.wav,datasets/audio_package_500/inserted_crossfade/inserted_052_000353_210_14597_210_9261_1_1530668986_7263853_392.wav,2.5700000000000003,1.29,1.28,4.0
val,423,0,val/423.wav,datasets/audio_package_500/inserted_crossfade/inserted_052_000353_210_14597_210_9261_1_1530668986_7263853_392.wav,2.33,1.19,1.14,4.0
val,424,0,val/424.wav,datasets/audio_package_500/inserted_crossfade/inserted_053_000307_210_13118_210_7925_1_1530755612_7608297_803.wav,2.45,1.22,1.23,4.0
val,425,0,val/425.wav,datasets/audio_package_500/inserted_crossfade/inserted_054_000296_210_10987_210_4163_1_1529760555_4123902_337.wav,2.09,1.07,1.02,4.0
val,426,0,val/426.wav,datasets/audio_package_500/inserted_crossfade/inserted_055_000265_210_15101_210_7927_1_1530786415_5033274_321.wav,1.6,0.58,1.02,4.0
val,427,0,val/427.wav,datasets/audio_package_500/inserted_crossfade/inserted_056_000163_210_10987_210_4163_1_1529760555_4123902_315.wav,1.73,0.87,0.86,4.0
val,428,0,val/428.wav,datasets/audio_package_500/inserted_crossfade/inserted_058_000108_210_11305_210_1794_1_1529750428_7178148_94.wav,2.54,1.56,0.98,4.0
val,429,0,val/429.wav,datasets/audio_package_500/inserted_crossfade/inserted_059_000392_210_20617_210_1925_1_1531984111_719610_103.wav,1.88,0.64,1.24,4.0
val,430,0,val/430.wav,datasets/audio_package_500/inserted_crossfade/inserted_060_000124_d97fjxqasgtljnxe.wav,2.55,1.25,1.3,4.0
val,431,0,val/431.wav,datasets/audio_package_500/inserted_crossfade/inserted_060_000124_d97fjxqasgtljnxe.wav,2.44,1.3,1.14,4.0
val,432,0,val/432.wav,datasets/audio_package_500/inserted_crossfade/inserted_061_000415_210_2746_210_1988_1_1525872816_3795627_273.wav,2.11,0.73,1.38,4.0
val,433,0,val/433.wav,datasets/audio_package_500/inserted_crossfade/inserted_061_000415_210_2746_210_1988_1_1525872816_3795627_273.wav,2.78,1.38,1.4,4.0
val,434,0,val/434.wav,datasets/audio_package_500/inserted_crossfade/inserted_062_000198_210_10987_210_4163_1_1529760555_4123902_240.wav,1.44,0.48,0.96,4.0
val,435,0,val/435.wav,datasets/audio_package_500/inserted_crossfade/inserted_062_000198_210_10987_210_4163_1_1529760555_4123902_240.wav,2.2,1.16,1.04,4.0
val,436,0,val/436.wav,datasets/audio_package_500/inserted_crossfade/inserted_064_000347_210_19952_210_2161_1_1531875469_3851750_28.wav,2.6,1.54,1.06,4.0
val,437,0,val/437.wav,datasets/audio_package_500/inserted_crossfade/inserted_064_000347_210_19952_210_2161_1_1531875469_3851750_28.wav,2.07,0.83,1.24,4.0
val,438,0,val/438.wav,datasets/audio_package_500/inserted_crossfade/inserted_065_000155_210_10987_210_4163_1_1529760555_4123902_211.wav,2.16,1.04,1.12,4.0
val,439,0,val/439.wav,datasets/audio_package_500/inserted_crossfade/inserted_065_000155_210_10987_210_4163_1_1529760555_4123902_211.wav,2.83,1.21,1.62,4.0
val,440,0,val/440.wav,datasets/audio_package_500/inserted_crossfade/inserted_066_000229_210_14953_210_2151_1_1530701710_5616165_490.wav,2.2199999999999998,1.02,1.2,4.0
val,441,0,val/441.wav,datasets/audio_package_500/inserted_crossfade/inserted_066_000229_210_14953_210_2151_1_1530701710_5616165_490.wav,2.42,1.25,1.17,4.0
val,442,0,val/442.wav,datasets/audio_package_500/inserted_crossfade/inserted_067_000363_210_14056_210_4163_1_1530604483_7572827_342.wav,2.06,0.64,1.42,4.0
val,443,0,val/443.wav,datasets/audio_package_500/inserted_crossfade/inserted_067_000363_210_14056_210_4163_1_1530604483_7572827_342.wav,1.9100000000000001,0.92,0.99,4.0
val,444,0,val/444.wav,datasets/audio_package_500/inserted_crossfade/inserted_067_000363_210_14056_210_4163_1_1530604483_7572827_342.wav,2.06,0.91,1.15,4.0
val,445,0,val/445.wav,datasets/audio_package_500/inserted_crossfade/inserted_068_000037_210_11243_210_6400_1_1529733547_7157180_283.wav,2.08,0.85,1.23,4.0
val,446,0,val/446.wav,datasets/audio_package_500/inserted_crossfade/inserted_068_000037_210_11243_210_6400_1_1529733547_7157180_283.wav,2.31,1.45,0.86,4.0
val,447,0,val/447.wav,datasets/audio_package_500/inserted_crossfade/inserted_069_000004_210_10987_210_4163_1_1529760555_4123902_105.wav,1.98,0.51,1.47,4.0
val,448,0,val/448.wav,datasets/audio_package_500/inserted_crossfade/inserted_069_000004_210_10987_210_4163_1_1529760555_4123902_105.wav,1.5599999999999998,1.39,0.17,4.0
val,449,0,val/449.wav,datasets/audio_package_500/inserted_crossfade/inserted_070_000352_210_14597_210_9261_1_1530668986_7263853_311.wav,2.96,1.57,1.39,4.0
val,450,0,val/450.wav,datasets/audio_package_500/inserted_crossfade/inserted_070_000352_210_14597_210_9261_1_1530668986_7263853_311.wav,1.98,1.53,0.45,4.0
val,451,0,val/451.wav,datasets/audio_package_500/inserted_crossfade/inserted_071_000328_210_13757_210_3528_1_1530440682_4107239_301.wav,2.19,1.23,0.96,4.0
val,452,0,val/452.wav,datasets/audio_package_500/inserted_crossfade/inserted_071_000328_210_13757_210_3528_1_1530440682_4107239_301.wav,2.4,1.45,0.95,4.0
val,453,0,val/453.wav,datasets/audio_package_500/inserted_crossfade/inserted_072_000293_210_10987_210_4163_1_1529760555_4123902_335.wav,2.4,1.18,1.22,4.0
val,454,0,val/454.wav,datasets/audio_package_500/inserted_crossfade/inserted_072_000293_210_10987_210_4163_1_1529760555_4123902_335.wav,1.8599999999999999,1.29,0.57,4.0
val,455,0,val/455.wav,datasets/audio_package_500/inserted_crossfade/inserted_073_000053_210_10987_210_4163_1_1529760555_4123902_136.wav,2.27,1.54,0.73,4.0
val,456,0,val/456.wav,datasets/audio_package_500/inserted_crossfade/inserted_073_000053_210_10987_210_4163_1_1529760555_4123902_136.wav,2.1500000000000004,0.78,1.37,4.0
val,457,0,val/457.wav,datasets/audio_package_500/inserted_crossfade/inserted_074_000350_210_25767_210_2161_1_1532307483_3867748_152.wav,2.4800000000000004,1.12,1.36,4.0
val,458,0,val/458.wav,datasets/audio_package_500/inserted_crossfade/inserted_075_000277_210_13118_210_7925_1_1530755612_7608297_1127.wav,1.65,1.02,0.63,4.0
val,459,0,val/459.wav,datasets/audio_package_500/inserted_crossfade/inserted_076_000112_210_14854_210_9261_1_1530751862_7649582_303.wav,2.02,0.55,1.47,4.0
val,460,0,val/460.wav,datasets/audio_package_500/inserted_crossfade/inserted_076_000112_210_14854_210_9261_1_1530751862_7649582_303.wav,2.7199999999999998,1.39,1.33,4.0
val,461,0,val/461.wav,datasets/audio_package_500/inserted_crossfade/inserted_077_000256_210_15045_210_2087_1_1530793792_3277311_270.wav,2.44,1.71,0.73,4.0
val,462,0,val/462.wav,datasets/audio_package_500/inserted_crossfade/inserted_079_000356_210_2009_210_2071_1_1525481134_4588937_151.wav,1.05,0.28,0.77,4.0
val,463,0,val/463.wav,datasets/audio_package_500/inserted_crossfade/inserted_079_000356_210_2009_210_2071_1_1525481134_4588937_151.wav,2.29,0.95,1.34,4.0
val,464,0,val/464.wav,datasets/audio_package_500/inserted_crossfade/inserted_080_000177_210_12868_210_6753_1_1530701932_530275_21.wav,2.5700000000000003,1.57,1.0,4.0
val,465,0,val/465.wav,datasets/audio_package_500/inserted_crossfade/inserted_080_000177_210_12868_210_6753_1_1530701932_530275_21.wav,2.48,1.38,1.1,4.0
val,466,0,val/466.wav,datasets/audio_package_500/inserted_crossfade/inserted_081_000382_210_10987_210_4163_1_1529760555_4123902_405.wav,1.96,1.4,0.56,4.0
val,467,0,val/467.wav,datasets/audio_package_500/inserted_crossfade/inserted_082_000128_210_14246_210_3528_1_1530527169_3968407_381.wav,1.9700000000000002,1.33,0.64,4.0
val,468,0,val/468.wav,datasets/audio_package_500/inserted_crossfade/inserted_083_000186_210_12868_210_6753_1_1530702479_3610564_203.wav,2.2,0.87,1.33,4.0
val,469,0,val/469.wav,datasets/audio_package_500/inserted_crossfade/inserted_084_000147_210_10987_210_4163_1_1529760555_4123902_204.wav,2.19,0.82,1.37,4.0
val,470,0,val/470.wav,datasets/audio_package_500/inserted_crossfade/inserted_084_000147_210_10987_210_4163_1_1529760555_4123902_204.wav,2.38,0.89,1.49,4.0
val,471,0,val/471.wav,datasets/audio_package_500/inserted_crossfade/inserted_084_000147_210_10987_210_4163_1_1529760555_4123902_204.wav,2.45,1.18,1.27,4.0
val,472,0,val/472.wav,datasets/audio_package_500/inserted_crossfade/inserted_085_000386_210_2045_210_2087_1_1525522532_2531781_150.wav,2.1,0.63,1.47,4.0
val,473,0,val/473.wav,datasets/audio_package_500/inserted_crossfade/inserted_085_000386_210_2045_210_2087_1_1525522532_2531781_150.wav,2.49,1.43,1.06,4.0
val,474,0,val/474.wav,datasets/audio_package_500/inserted_crossfade/inserted_086_000216_210_10987_210_4163_1_1529760555_4123902_255.wav,2.8499999999999996,1.38,1.47,4.0
val,475,0,val/475.wav,datasets/audio_package_500/inserted_crossfade/inserted_086_000216_210_10987_210_4163_1_1529760555_4123902_255.wav,2.52,1.35,1.17,4.0
val,476,0,val/476.wav,datasets/audio_package_500/inserted_crossfade/inserted_087_000282_210_15517_210_6753_1_1530954008_3487336_330.wav,1.63,0.92,0.71,4.0
val,477,0,val/477.wav,datasets/audio_package_500/inserted_crossfade/inserted_088_000155_210_13091_210_7925_1_1530609447_8987354_995.wav,2.34,1.03,1.31,4.0
val,478,0,val/478.wav,datasets/audio_package_500/inserted_crossfade/inserted_088_000155_210_13091_210_7925_1_1530609447_8987354_995.wav,2.41,1.15,1.26,4.0
val,479,0,val/479.wav,datasets/audio_package_500/inserted_crossfade/inserted_088_000155_210_13091_210_7925_1_1530609447_8987354_995.wav,2.62,1.51,1.11,4.0
val,480,0,val/480.wav,datasets/audio_package_500/inserted_crossfade/inserted_089_000270_lsvwhfo8ujv0oq3p.wav,2.7199999999999998,0.96,1.76,4.0
val,481,0,val/481.wav,datasets/audio_package_500/inserted_crossfade/inserted_089_000270_lsvwhfo8ujv0oq3p.wav,2.7199999999999998,0.97,1.75,4.0
val,482,0,val/482.wav,datasets/audio_package_500/inserted_crossfade/inserted_090_000348_210_14056_210_4163_1_1530604483_7572827_214.wav,1.3599999999999999,0.49,0.87,4.0
val,483,0,val/483.wav,datasets/audio_package_500/inserted_crossfade/inserted_091_000286_210_10987_210_4163_1_1529760555_4123902_470.wav,1.6800000000000002,0.61,1.07,4.0
val,484,0,val/484.wav,datasets/audio_package_500/inserted_crossfade/inserted_091_000286_210_10987_210_4163_1_1529760555_4123902_470.wav,2.11,0.69,1.42,4.0
val,485,0,val/485.wav,datasets/audio_package_500/inserted_crossfade/inserted_091_000286_210_10987_210_4163_1_1529760555_4123902_470.wav,2.26,0.81,1.45,4.0
val,486,0,val/486.wav,datasets/audio_package_500/inserted_crossfade/inserted_091_000286_210_10987_210_4163_1_1529760555_4123902_470.wav,2.21,1.12,1.09,4.0
val,487,0,val/487.wav,datasets/audio_package_500/inserted_crossfade/inserted_091_000286_210_10987_210_4163_1_1529760555_4123902_470.wav,2.21,1.13,1.08,4.0
val,488,0,val/488.wav,datasets/audio_package_500/inserted_crossfade/inserted_094_000072_210_11305_210_1794_1_1529750428_7178148_312.wav,2.6500000000000004,1.56,1.09,4.0
val,489,0,val/489.wav,datasets/audio_package_500/inserted_crossfade/inserted_096_000060_210_11243_210_6400_1_1529733547_7157180_729.wav,1.45,0.59,0.86,4.0
val,490,0,val/490.wav,datasets/audio_package_500/inserted_crossfade/inserted_097_000055_210_11243_210_6400_1_1529733547_7157180_689.wav,1.47,0.33,1.14,4.0
val,491,0,val/491.wav,datasets/audio_package_500/inserted_crossfade/inserted_097_000055_210_11243_210_6400_1_1529733547_7157180_689.wav,2.51,1.16,1.35,4.0
val,492,0,val/492.wav,datasets/audio_package_500/inserted_crossfade/inserted_098_000320_ogjhatt9ydtqcgqz.wav,2.66,1.19,1.47,4.0
val,493,0,val/493.wav,datasets/audio_package_500/inserted_crossfade/inserted_099_000403_210_10987_210_4163_1_1529760555_4123902_420.wav,0.95,0.51,0.44,4.0
val,494,0,val/494.wav,datasets/audio_package_500/inserted_crossfade/inserted_100_000140_210_12866_210_6753_1_1530613692_6684967_265.wav,2.08,0.77,1.31,4.0
val,495,0,val/495.wav,datasets/audio_package_500/inserted_crossfade/inserted_102_000111_210_11349_210_6753_1_1529800861_1101207_105.wav,2.51,1.37,1.14,4.0
val,496,0,val/496.wav,datasets/audio_package_500/inserted_crossfade/inserted_102_000111_210_11349_210_6753_1_1529800861_1101207_105.wav,2.3600000000000003,1.12,1.24,4.0
val,497,0,val/497.wav,datasets/audio_package_500/inserted_crossfade/inserted_103_000175_210_10987_210_4163_1_1529760555_4123902_223.wav,2.26,1.4,0.86,4.0
val,498,0,val/498.wav,datasets/audio_package_500/inserted_crossfade/inserted_103_000175_210_10987_210_4163_1_1529760555_4123902_223.wav,2.65,1.17,1.48,4.0
val,499,0,val/499.wav,datasets/audio_package_500/inserted_crossfade/inserted_104_000360_rj3w5njdqzgfgj6h.wav,2.76,1.26,1.5,4.0
val,500,0,val/500.wav,datasets/audio_package_500/inserted_crossfade/inserted_105_000316_210_14410_210_7927_1_1530609728_6207925_545.wav,2.1399999999999997,1.01,1.13,4.0
val,501,0,val/501.wav,datasets/audio_package_500/inserted_crossfade/inserted_105_000316_210_14410_210_7927_1_1530609728_6207925_545.wav,2.4800000000000004,1.37,1.11,4.0
val,502,0,val/502.wav,datasets/audio_package_500/inserted_crossfade/inserted_106_000255_210_10987_210_4163_1_1529760555_4123902_284.wav,1.68,0.73,0.95,4.0
val,503,0,val/503.wav,datasets/audio_package_500/inserted_crossfade/inserted_108_000130_210_14250_210_3528_1_1530613698_3834730_252.wav,3.24,1.38,1.86,4.0
val,504,0,val/504.wav,datasets/audio_package_500/inserted_crossfade/inserted_109_000028_210_11243_210_6400_1_1529733547_7157180_542.wav,2.0100000000000002,1.34,0.67,4.0
val,505,0,val/505.wav,datasets/audio_package_500/inserted_crossfade/inserted_109_000028_210_11243_210_6400_1_1529733547_7157180_542.wav,1.88,0.68,1.2,4.0
val,506,0,val/506.wav,datasets/audio_package_500/inserted_crossfade/inserted_110_000049_210_11243_210_6400_1_1529733547_7157180_542.wav,1.9499999999999997,0.82,1.13,4.0
val,507,0,val/507.wav,datasets/audio_package_500/inserted_crossfade/inserted_111_000413_210_21345_210_1925_1_1532312356_3731331_315.wav,2.83,1.46,1.37,4.0
val,508,0,val/508.wav,datasets/audio_package_500/inserted_crossfade/inserted_113_000024_210_11305_210_1794_1_1529750428_7178148_368.wav,2.06,1.29,0.77,4.0
val,509,0,val/509.wav,datasets/audio_package_500/inserted_crossfade/inserted_115_000171_210_12866_210_6753_1_1530613692_6684967_817.wav,2.52,1.52,1.0,4.0
val,510,0,val/510.wav,datasets/audio_package_500/inserted_crossfade/inserted_116_000070_210_10987_210_4163_1_1529760555_4123902_150.wav,2.27,0.97,1.3,4.0
val,511,0,val/511.wav,datasets/audio_package_500/inserted_crossfade/inserted_117_000134_210_12866_210_6753_1_1530613692_6684967_255.wav,1.39,0.45,0.94,4.0
val,512,0,val/512.wav,datasets/audio_package_500/inserted_crossfade/inserted_118_000086_210_14597_210_9261_1_1530668986_7263853_66.wav,2.18,1.1,1.08,4.0
val,513,0,val/513.wav,datasets/audio_package_500/inserted_crossfade/inserted_118_000086_210_14597_210_9261_1_1530668986_7263853_66.wav,2.23,0.94,1.29,4.0
val,514,0,val/514.wav,datasets/audio_package_500/inserted_crossfade/inserted_119_000219_210_10987_210_4163_1_1529760555_4123902_256.wav,1.97,0.77,1.2,4.0
val,515,0,val/515.wav,datasets/audio_package_500/inserted_crossfade/inserted_120_000211_210_14906_210_7927_1_1530754190_9408633_473.wav,2.5700000000000003,1.24,1.33,4.0
val,516,0,val/516.wav,datasets/audio_package_500/inserted_crossfade/inserted_121_000321_210_13757_210_3528_1_1530440682_4107239_286.wav,2.77,1.78,0.99,4.0
val,517,0,val/517.wav,datasets/audio_package_500/inserted_crossfade/inserted_121_000321_210_13757_210_3528_1_1530440682_4107239_286.wav,1.58,0.9,0.68,4.0
val,518,0,val/518.wav,datasets/audio_package_500/inserted_crossfade/inserted_122_000058_210_11243_210_6400_1_1529733547_7157180_699.wav,1.99,1.04,0.95,4.0
val,519,0,val/519.wav,datasets/audio_package_500/inserted_crossfade/inserted_123_000037_210_13118_210_7925_1_1530755612_7608297_223.wav,1.63,0.68,0.95,4.0
val,520,0,val/520.wav,datasets/audio_package_500/inserted_crossfade/inserted_123_000037_210_13118_210_7925_1_1530755612_7608297_223.wav,1.4900000000000002,0.37,1.12,4.0
val,521,0,val/521.wav,datasets/audio_package_500/inserted_crossfade/inserted_123_000037_210_13118_210_7925_1_1530755612_7608297_223.wav,1.83,0.81,1.02,4.0
val,522,0,val/522.wav,datasets/audio_package_500/inserted_crossfade/inserted_124_000081_210_11305_210_1794_1_1529750428_7178148_406.wav,1.87,0.81,1.06,4.0
val,523,0,val/523.wav,datasets/audio_package_500/inserted_crossfade/inserted_124_000081_210_11305_210_1794_1_1529750428_7178148_406.wav,2.3,1.17,1.13,4.0
val,524,0,val/524.wav,datasets/audio_package_500/inserted_crossfade/inserted_125_000019_210_10987_210_4163_1_1529760555_4123902_609.wav,2.87,1.65,1.22,4.0
val,525,0,val/525.wav,datasets/audio_package_500/inserted_crossfade/inserted_125_000019_210_10987_210_4163_1_1529760555_4123902_609.wav,2.19,1.21,0.98,4.0
val,526,0,val/526.wav,datasets/audio_package_500/inserted_crossfade/inserted_126_000373_210_10987_210_4163_1_1529760555_4123902_391.wav,2.04,0.46,1.58,4.0
val,527,0,val/527.wav,datasets/audio_package_500/inserted_crossfade/inserted_126_000373_210_10987_210_4163_1_1529760555_4123902_391.wav,2.3200000000000003,1.27,1.05,4.0
val,528,0,val/528.wav,datasets/audio_package_500/inserted_crossfade/inserted_128_000213_210_10987_210_4163_1_1529760555_4123902_253.wav,2.02,0.83,1.19,4.0
val,529,0,val/529.wav,datasets/audio_package_500/inserted_crossfade/inserted_128_000213_210_10987_210_4163_1_1529760555_4123902_253.wav,2.2,1.23,0.97,4.0
val,530,0,val/530.wav,datasets/audio_package_500/inserted_crossfade/inserted_129_000069_210_11305_210_1794_1_1529750428_7178148_244.wav,3.05,1.63,1.42,4.0
val,531,0,val/531.wav,datasets/audio_package_500/inserted_crossfade/inserted_129_000069_210_11305_210_1794_1_1529750428_7178148_244.wav,1.89,1.15,0.74,4.0
val,532,0,val/532.wav,datasets/audio_package_500/inserted_crossfade/inserted_130_000023_210_10987_210_4163_1_1529760555_4123902_118.wav,2.2399999999999998,0.83,1.41,4.0
val,533,0,val/533.wav,datasets/audio_package_500/inserted_crossfade/inserted_131_000157_210_12866_210_6753_1_1530613692_6684967_740.wav,1.44,0.76,0.68,4.0
val,534,0,val/534.wav,datasets/audio_package_500/inserted_crossfade/inserted_132_000183_210_13118_210_7925_1_1530755612_7608297_951.wav,2.19,1.27,0.92,4.0
val,535,0,val/535.wav,datasets/audio_package_500/inserted_crossfade/inserted_133_000374_210_10987_210_4163_1_1529760555_4123902_567.wav,2.59,1.15,1.44,4.0
val,536,0,val/536.wav,datasets/audio_package_500/inserted_crossfade/inserted_134_000181_210_10987_210_4163_1_1529760555_4123902_228.wav,2.3600000000000003,1.08,1.28,4.0
val,537,0,val/537.wav,datasets/audio_package_500/inserted_crossfade/inserted_134_000181_210_10987_210_4163_1_1529760555_4123902_228.wav,1.74,1.26,0.48,4.0
val,538,0,val/538.wav,datasets/audio_package_500/inserted_crossfade/inserted_135_000368_210_26192_210_7927_1_1532133577_3686238_160.wav,2.14,1.12,1.02,4.0
val,539,0,val/539.wav,datasets/audio_package_500/inserted_crossfade/inserted_136_000129_210_10987_210_4163_1_1529760555_4123902_192.wav,1.38,1.23,0.15,4.0
val,540,0,val/540.wav,datasets/audio_package_500/inserted_crossfade/inserted_137_000054_210_13091_210_7925_1_1530609447_8987354_1259.wav,1.4100000000000001,0.81,0.6,4.0
val,541,0,val/541.wav,datasets/audio_package_500/inserted_crossfade/inserted_138_000180_210_12868_210_6753_1_1530701932_530275_22.wav,2.21,1.07,1.14,4.0
val,542,0,val/542.wav,datasets/audio_package_500/inserted_crossfade/inserted_138_000180_210_12868_210_6753_1_1530701932_530275_22.wav,2.3,1.17,1.13,4.0
val,543,0,val/543.wav,datasets/audio_package_500/inserted_crossfade/inserted_139_000205_210_14906_210_7927_1_1530754190_9408633_402.wav,2.26,1.18,1.08,4.0
val,544,0,val/544.wav,datasets/audio_package_500/inserted_crossfade/inserted_140_000310_210_13118_210_7925_1_1530755612_7608297_937.wav,1.7,0.83,0.87,4.0
val,545,0,val/545.wav,datasets/audio_package_500/inserted_crossfade/inserted_141_000122_210_14246_210_3528_1_1530527169_3968407_278.wav,2.1100000000000003,1.1,1.01,4.0
val,546,0,val/546.wav,datasets/audio_package_500/inserted_crossfade/inserted_141_000122_210_14246_210_3528_1_1530527169_3968407_278.wav,1.88,0.95,0.93,4.0
val,547,0,val/547.wav,datasets/audio_package_500/inserted_crossfade/inserted_143_000096_210_11305_210_1794_1_1529750428_7178148_746.wav,1.59,0.92,0.67,4.0
val,548,0,val/548.wav,datasets/audio_package_500/inserted_crossfade/inserted_144_000206_210_14056_210_4163_1_1530604483_7572827_314.wav,2.2600000000000002,0.65,1.61,4.0
val,549,0,val/549.wav,datasets/audio_package_500/inserted_crossfade/inserted_144_000206_210_14056_210_4163_1_1530604483_7572827_314.wav,2.3200000000000003,0.74,1.58,4.0
val,550,0,val/550.wav,datasets/audio_package_500/inserted_crossfade/inserted_144_000206_210_14056_210_4163_1_1530604483_7572827_314.wav,2.09,0.49,1.6,4.0
val,551,0,val/551.wav,datasets/audio_package_500/inserted_crossfade/inserted_144_000206_210_14056_210_4163_1_1530604483_7572827_314.wav,3.04,1.62,1.42,4.0
val,552,0,val/552.wav,datasets/audio_package_500/inserted_crossfade/inserted_145_000011_210_11305_210_1794_1_1529750428_7178148_269.wav,2.12,1.1,1.02,4.0
val,553,0,val/553.wav,datasets/audio_package_500/inserted_crossfade/inserted_146_000044_210_13757_210_3528_1_1530440682_4107239_362.wav,2.73,1.65,1.08,4.0
val,554,0,val/554.wav,datasets/audio_package_500/inserted_crossfade/inserted_146_000044_210_13757_210_3528_1_1530440682_4107239_362.wav,2.5100000000000002,1.58,0.93,4.0
val,555,0,val/555.wav,datasets/audio_package_500/inserted_crossfade/inserted_146_000044_210_13757_210_3528_1_1530440682_4107239_362.wav,3.0,1.31,1.69,4.0
val,556,0,val/556.wav,datasets/audio_package_500/inserted_crossfade/inserted_147_000185_210_14854_210_9261_1_1530751862_7649582_243.wav,1.33,0.65,0.68,4.0
val,557,0,val/557.wav,datasets/audio_package_500/inserted_crossfade/inserted_148_000230_210_13091_210_7925_1_1530609447_8987354_1284.wav,1.9899999999999998,1.16,0.83,4.0
val,558,0,val/558.wav,datasets/audio_package_500/inserted_crossfade/inserted_149_000090_210_12866_210_6753_1_1530613692_6684967_740.wav,2.22,0.86,1.36,4.0
val,559,0,val/559.wav,datasets/audio_package_500/inserted_crossfade/inserted_149_000090_210_12866_210_6753_1_1530613692_6684967_740.wav,1.9500000000000002,1.08,0.87,4.0
val,560,0,val/560.wav,datasets/audio_package_500/inserted_crossfade/inserted_150_000196_210_10987_210_4163_1_1529760555_4123902_374.wav,1.8,0.49,1.31,4.0
val,561,0,val/561.wav,datasets/audio_package_500/inserted_crossfade/inserted_150_000196_210_10987_210_4163_1_1529760555_4123902_374.wav,1.91,1.22,0.69,4.0
val,562,0,val/562.wav,datasets/audio_package_500/inserted_crossfade/inserted_151_000232_jikuzjypvktflv2f.wav,2.19,0.93,1.26,4.0
val,563,0,val/563.wav,datasets/audio_package_500/inserted_crossfade/inserted_151_000232_jikuzjypvktflv2f.wav,2.2,1.13,1.07,4.0
val,564,0,val/564.wav,datasets/audio_package_500/inserted_crossfade/inserted_151_000232_jikuzjypvktflv2f.wav,1.96,1.3,0.66,4.0
val,565,0,val/565.wav,datasets/audio_package_500/inserted_crossfade/inserted_152_000109_210_10987_210_4163_1_1529760555_4123902_177.wav,1.94,0.73,1.21,4.0
val,566,0,val/566.wav,datasets/audio_package_500/inserted_crossfade/inserted_153_000203_210_12868_210_6753_1_1530702479_3610564_448.wav,2.4400000000000004,1.12,1.32,4.0
val,567,0,val/567.wav,datasets/audio_package_500/inserted_crossfade/inserted_154_000172_210_10987_210_4163_1_1529760555_4123902_219.wav,1.9700000000000002,1.06,0.91,4.0
val,568,0,val/568.wav,datasets/audio_package_500/inserted_crossfade/inserted_154_000172_210_10987_210_4163_1_1529760555_4123902_219.wav,1.9300000000000002,0.83,1.1,4.0
val,569,0,val/569.wav,datasets/audio_package_500/inserted_crossfade/inserted_156_000249_210_10987_210_4163_1_1529760555_4123902_282.wav,2.2800000000000002,1.24,1.04,4.0
val,570,0,val/570.wav,datasets/audio_package_500/inserted_crossfade/inserted_157_000204_210_14056_210_4163_1_1530604483_7572827_297.wav,3.1799999999999997,1.71,1.47,4.0
val,571,0,val/571.wav,datasets/audio_package_500/inserted_crossfade/inserted_157_000204_210_14056_210_4163_1_1530604483_7572827_297.wav,2.8499999999999996,1.66,1.19,4.0
val,572,0,val/572.wav,datasets/audio_package_500/inserted_crossfade/inserted_157_000204_210_14056_210_4163_1_1530604483_7572827_297.wav,3.01,1.46,1.55,4.0
val,573,0,val/573.wav,datasets/audio_package_500/inserted_crossfade/inserted_158_000066_210_11305_210_1794_1_1529750428_7178148_111.wav,3.0,1.7,1.3,4.0
val,574,0,val/574.wav,datasets/audio_package_500/inserted_crossfade/inserted_161_000197_210_12868_210_6753_1_1530702479_3610564_378.wav,2.1799999999999997,1.23,0.95,4.0
val,575,0,val/575.wav,datasets/audio_package_500/inserted_crossfade/inserted_161_000197_210_12868_210_6753_1_1530702479_3610564_378.wav,2.47,1.1,1.37,4.0
val,576,0,val/576.wav,datasets/audio_package_500/inserted_crossfade/inserted_162_000179_210_14854_210_9261_1_1530751862_7649582_124.wav,2.4,0.84,1.56,4.0
val,577,0,val/577.wav,datasets/audio_package_500/inserted_crossfade/inserted_163_000030_210_10987_210_4163_1_1529760555_4123902_136.wav,2.8200000000000003,1.3,1.52,4.0
val,578,0,val/578.wav,datasets/audio_package_500/inserted_crossfade/inserted_163_000030_210_10987_210_4163_1_1529760555_4123902_136.wav,1.88,0.44,1.44,4.0
val,579,0,val/579.wav,datasets/audio_package_500/inserted_crossfade/inserted_163_000030_210_10987_210_4163_1_1529760555_4123902_136.wav,2.08,0.8,1.28,4.0
val,580,0,val/580.wav,datasets/audio_package_500/inserted_crossfade/inserted_163_000030_210_10987_210_4163_1_1529760555_4123902_136.wav,2.96,1.44,1.52,4.0
val,581,0,val/581.wav,datasets/audio_package_500/inserted_crossfade/inserted_164_000402_210_14058_210_4163_1_1530690953_6327180_24.wav,2.87,1.79,1.08,4.0
val,582,0,val/582.wav,datasets/audio_package_500/inserted_crossfade/inserted_165_000215_210_20120_210_6753_1_1531643035_5482859_450.wav,2.6900000000000004,1.36,1.33,4.0
val,583,0,val/583.wav,datasets/audio_package_500/inserted_crossfade/inserted_167_000212_210_12868_210_6753_1_1530702479_3610564_70.wav,2.2800000000000002,1.3,0.98,4.0
val,584,0,val/584.wav,datasets/audio_package_500/inserted_crossfade/inserted_167_000212_210_12868_210_6753_1_1530702479_3610564_70.wav,2.7199999999999998,1.32,1.4,4.0
val,585,0,val/585.wav,datasets/audio_package_500/inserted_crossfade/inserted_168_000379_210_10987_210_4163_1_1529760555_4123902_394.wav,1.92,1.29,0.63,4.0
val,586,0,val/586.wav,datasets/audio_package_500/inserted_crossfade/inserted_170_000344_210_10987_210_4163_1_1529760555_4123902_377.wav,2.74,1.4,1.34,4.0
val,587,0,val/587.wav,datasets/audio_package_500/inserted_crossfade/inserted_171_000205_210_10987_210_4163_1_1529760555_4123902_383.wav,2.44,0.76,1.68,4.0
val,588,0,val/588.wav,datasets/audio_package_500/inserted_crossfade/inserted_171_000205_210_10987_210_4163_1_1529760555_4123902_383.wav,3.09,1.38,1.71,4.0
val,589,0,val/589.wav,datasets/audio_package_500/inserted_crossfade/inserted_172_000119_210_14072_210_5632_1_1530687092_5046021_512.wav,2.24,1.07,1.17,4.0
val,590,0,val/590.wav,datasets/audio_package_500/inserted_crossfade/inserted_174_000083_210_10987_210_4163_1_1529760555_4123902_205.wav,2.48,1.26,1.22,4.0
val,591,0,val/591.wav,datasets/audio_package_500/inserted_crossfade/inserted_175_000206_210_12868_210_6753_1_1530702479_3610564_46.wav,2.52,1.65,0.87,4.0
val,592,0,val/592.wav,datasets/audio_package_500/inserted_crossfade/inserted_176_000199_210_14906_210_7927_1_1530754190_9408633_1135.wav,1.85,0.61,1.24,4.0
val,593,0,val/593.wav,datasets/audio_package_500/inserted_crossfade/inserted_177_000229_210_14056_210_4163_1_1530604483_7572827_784.wav,2.01,1.13,0.88,4.0
val,594,0,val/594.wav,datasets/audio_package_500/inserted_crossfade/inserted_177_000229_210_14056_210_4163_1_1530604483_7572827_784.wav,1.33,0.83,0.5,4.0
val,595,0,val/595.wav,datasets/audio_package_500/inserted_crossfade/inserted_177_000229_210_14056_210_4163_1_1530604483_7572827_784.wav,1.35,1.01,0.34,4.0
val,596,0,val/596.wav,datasets/audio_package_500/inserted_crossfade/inserted_178_000059_210_10987_210_4163_1_1529760555_4123902_145.wav,1.9300000000000002,1.57,0.36,4.0
val,597,0,val/597.wav,datasets/audio_package_500/inserted_crossfade/inserted_179_000322_210_2477_210_1849_1_1525524777_5366898_293.wav,1.77,0.3,1.47,4.0
val,598,0,val/598.wav,datasets/audio_package_500/inserted_crossfade/inserted_179_000322_210_2477_210_1849_1_1525524777_5366898_293.wav,1.6,0.74,0.86,4.0
val,599,0,val/599.wav,datasets/audio_package_500/inserted_crossfade/inserted_180_000006_210_10987_210_4163_1_1529760555_4123902_618.wav,2.17,0.67,1.5,4.0
val,600,0,val/600.wav,datasets/audio_package_500/inserted_crossfade/inserted_180_000006_210_10987_210_4163_1_1529760555_4123902_618.wav,2.41,1.15,1.26,4.0
val,601,0,val/601.wav,datasets/audio_package_500/inserted_crossfade/inserted_182_000050_210_10987_210_4163_1_1529760555_4123902_135.wav,1.85,0.53,1.32,4.0
val,602,0,val/602.wav,datasets/audio_package_500/inserted_crossfade/inserted_183_000106_210_10987_210_4163_1_1529760555_4123902_175.wav,2.6,1.29,1.31,4.0
val,603,0,val/603.wav,datasets/audio_package_500/inserted_crossfade/inserted_184_000418_210_10987_210_4163_1_1529760555_4123902_428.wav,2.05,0.9,1.15,4.0
val,604,0,val/604.wav,datasets/audio_package_500/inserted_crossfade/inserted_184_000418_210_10987_210_4163_1_1529760555_4123902_428.wav,2.24,1.14,1.1,4.0
val,605,0,val/605.wav,datasets/audio_package_500/inserted_crossfade/inserted_185_000075_210_11305_210_1794_1_1529750428_7178148_322.wav,1.75,0.75,1.0,4.0
val,606,0,val/606.wav,datasets/audio_package_500/inserted_crossfade/inserted_186_000018_210_11305_210_1794_1_1529750428_7178148_121.wav,2.49,1.45,1.04,4.0
val,607,0,val/607.wav,datasets/audio_package_500/inserted_crossfade/inserted_187_000194_210_13757_210_3528_1_1530440682_4107239_386.wav,2.49,1.13,1.36,4.0
val,608,0,val/608.wav,datasets/audio_package_500/inserted_crossfade/inserted_188_000210_210_10987_210_4163_1_1529760555_4123902_251.wav,3.2199999999999998,1.54,1.68,4.0
val,609,0,val/609.wav,datasets/audio_package_500/inserted_crossfade/inserted_188_000210_210_10987_210_4163_1_1529760555_4123902_251.wav,3.03,1.63,1.4,4.0
val,610,0,val/610.wav,datasets/audio_package_500/inserted_crossfade/inserted_189_000221_210_13091_210_7925_1_1530609447_8987354_1151.wav,2.08,0.65,1.43,4.0
val,611,0,val/611.wav,datasets/audio_package_500/inserted_crossfade/inserted_190_000168_210_12866_210_6753_1_1530613692_6684967_764.wav,1.5499999999999998,0.95,0.6,4.0
val,612,0,val/612.wav,datasets/audio_package_500/inserted_crossfade/inserted_190_000168_210_12866_210_6753_1_1530613692_6684967_764.wav,1.88,1.14,0.74,4.0
val,613,0,val/613.wav,datasets/audio_package_500/inserted_crossfade/inserted_191_000131_210_12866_210_6753_1_1530613692_6684967_254.wav,1.7,0.51,1.19,4.0
val,614,0,val/614.wav,datasets/audio_package_500/inserted_crossfade/inserted_191_000131_210_12866_210_6753_1_1530613692_6684967_254.wav,2.94,1.19,1.75,4.0
val,615,0,val/615.wav,datasets/audio_package_500/inserted_crossfade/inserted_192_000210_idprervllcfgjtwx.wav,2.1900000000000004,1.08,1.11,4.0
val,616,0,val/616.wav,datasets/audio_package_500/inserted_crossfade/inserted_193_000174_210_12866_210_6753_1_1530613692_6684967_85.wav,2.3,1.14,1.16,4.0
val,617,0,val/617.wav,datasets/audio_package_500/inserted_crossfade/inserted_194_000139_210_14410_210_7927_1_1530609728_6207925_633.wav,1.96,1.29,0.67,4.0
val,618,0,val/618.wav,datasets/audio_package_500/inserted_crossfade/inserted_194_000139_210_14410_210_7927_1_1530609728_6207925_633.wav,2.24,1.15,1.09,4.0
val,619,0,val/619.wav,datasets/audio_package_500/inserted_crossfade/inserted_195_000366_210_14056_210_4163_1_1530604483_7572827_348.wav,2.6100000000000003,1.32,1.29,4.0
val,620,0,val/620.wav,datasets/audio_package_500/inserted_crossfade/inserted_196_000008_210_10987_210_4163_1_1529760555_4123902_106.wav,1.9899999999999998,0.83,1.16,4.0
val,621,0,val/621.wav,datasets/audio_package_500/inserted_crossfade/inserted_196_000008_210_10987_210_4163_1_1529760555_4123902_106.wav,1.6400000000000001,0.76,0.88,4.0
val,622,0,val/622.wav,datasets/audio_package_500/inserted_crossfade/inserted_197_000405_210_14058_210_4163_1_1530690953_6327180_265.wav,2.5,1.11,1.39,4.0
val,623,0,val/623.wav,datasets/audio_package_500/inserted_crossfade/inserted_197_000405_210_14058_210_4163_1_1530690953_6327180_265.wav,1.9700000000000002,1.29,0.68,4.0
val,624,0,val/624.wav,datasets/audio_package_500/inserted_crossfade/inserted_198_000408_210_14831_210_7927_1_1530700200_5583610_481.wav,1.75,1.13,0.62,4.0
val,625,0,val/625.wav,datasets/audio_package_500/inserted_crossfade/inserted_199_000253_210_15045_210_2087_1_1530793792_3277311_240.wav,2.37,1.73,0.64,4.0
val,626,0,val/626.wav,datasets/audio_package_500/inserted_crossfade/inserted_202_000369_210_14056_210_4163_1_1530604483_7572827_373.wav,1.8299999999999998,1.41,0.42,4.0
val,627,0,val/627.wav,datasets/audio_package_500/inserted_crossfade/inserted_203_000232_210_14953_210_2151_1_1530701710_5616165_695.wav,2.3499999999999996,1.4,0.95,4.0
val,628,0,val/628.wav,datasets/audio_package_500/inserted_crossfade/inserted_205_000400_210_2655_210_2087_1_1525688959_3897400_40.wav,2.5300000000000002,1.28,1.25,4.0
val,629,0,val/629.wav,datasets/audio_package_500/inserted_crossfade/inserted_206_000093_210_11305_210_1794_1_1529750428_7178148_668.wav,2.5,1.18,1.32,4.0
val,630,0,val/630.wav,datasets/audio_package_500/inserted_crossfade/inserted_208_000325_210_13757_210_3528_1_1530440682_4107239_295.wav,1.7,0.53,1.17,4.0
val,631,0,val/631.wav,datasets/audio_package_500/inserted_crossfade/inserted_208_000325_210_13757_210_3528_1_1530440682_4107239_295.wav,2.42,1.08,1.34,4.0
val,632,0,val/632.wav,datasets/audio_package_500/inserted_crossfade/inserted_208_000325_210_13757_210_3528_1_1530440682_4107239_295.wav,2.14,1.04,1.1,4.0
val,633,0,val/633.wav,datasets/audio_package_500/inserted_crossfade/inserted_209_000193_210_10987_210_4163_1_1529760555_4123902_238.wav,2.29,1.44,0.85,4.0
val,634,0,val/634.wav,datasets/audio_package_500/inserted_crossfade/inserted_209_000193_210_10987_210_4163_1_1529760555_4123902_238.wav,2.2,0.93,1.27,4.0
val,635,0,val/635.wav,datasets/audio_package_500/inserted_crossfade/inserted_210_000156_210_14597_210_9261_1_1530668986_7263853_716.wav,1.53,0.66,0.87,4.0
val,636,0,val/636.wav,datasets/audio_package_500/inserted_crossfade/inserted_211_000222_210_10987_210_4163_1_1529760555_4123902_259.wav,1.6400000000000001,0.64,1.0,4.0
val,637,0,val/637.wav,datasets/audio_package_500/inserted_crossfade/inserted_212_000323_210_17027_210_6400_1_1531097919_3083100_287.wav,1.9100000000000001,0.93,0.98,4.0
val,638,0,val/638.wav,datasets/audio_package_500/inserted_crossfade/inserted_214_000148_210_14597_210_9261_1_1530668986_7263853_261.wav,2.34,0.81,1.53,4.0
val,639,0,val/639.wav,datasets/audio_package_500/inserted_crossfade/inserted_215_000049_210_14056_210_4163_1_1530604483_7572827_195.wav,2.33,0.9,1.43,4.0
val,640,0,val/640.wav,datasets/audio_package_500/inserted_crossfade/inserted_215_000049_210_14056_210_4163_1_1530604483_7572827_195.wav,2.13,0.63,1.5,4.0
val,641,0,val/641.wav,datasets/audio_package_500/inserted_crossfade/inserted_216_000387_210_14056_210_4163_1_1530604483_7572827_742.wav,2.65,1.45,1.2,4.0
val,642,0,val/642.wav,datasets/audio_package_500/inserted_crossfade/inserted_217_000011_210_10987_210_4163_1_1529760555_4123902_107.wav,1.99,1.21,0.78,4.0
val,643,0,val/643.wav,datasets/audio_package_500/inserted_crossfade/inserted_218_000258_210_10987_210_4163_1_1529760555_4123902_288.wav,1.9700000000000002,1.11,0.86,4.0
val,644,0,val/644.wav,datasets/audio_package_500/inserted_crossfade/inserted_219_000187_210_10987_210_4163_1_1529760555_4123902_365.wav,3.1100000000000003,1.27,1.84,4.0
val,645,0,val/645.wav,datasets/audio_package_500/inserted_crossfade/inserted_220_000001_210_10987_210_4163_1_1529760555_4123902_227.wav,2.0,1.23,0.77,4.0
val,646,0,val/646.wav,datasets/audio_package_500/inserted_crossfade/inserted_221_000361_210_10987_210_4163_1_1529760555_4123902_386.wav,1.96,1.0,0.96,4.0
val,647,0,val/647.wav,datasets/audio_package_500/inserted_crossfade/inserted_221_000361_210_10987_210_4163_1_1529760555_4123902_386.wav,1.9500000000000002,0.88,1.07,4.0
val,648,0,val/648.wav,datasets/audio_package_500/inserted_crossfade/inserted_222_000378_210_14056_210_4163_1_1530604483_7572827_546.wav,1.7799999999999998,0.83,0.95,4.0
val,649,0,val/649.wav,datasets/audio_package_500/inserted_crossfade/inserted_222_000378_210_14056_210_4163_1_1530604483_7572827_546.wav,1.76,0.96,0.8,4.0
val,650,0,val/650.wav,datasets/audio_package_500/inserted_crossfade/inserted_223_000306_210_15717_210_2290_1_1531014402_5144242_436.wav,1.7799999999999998,0.64,1.14,4.0
val,651,0,val/651.wav,datasets/audio_package_500/inserted_crossfade/inserted_223_000306_210_15717_210_2290_1_1531014402_5144242_436.wav,2.15,0.69,1.46,4.0
val,652,0,val/652.wav,datasets/audio_package_500/inserted_crossfade/inserted_223_000306_210_15717_210_2290_1_1531014402_5144242_436.wav,2.5599999999999996,1.13,1.43,4.0
val,653,0,val/653.wav,datasets/audio_package_500/inserted_crossfade/inserted_223_000306_210_15717_210_2290_1_1531014402_5144242_436.wav,2.5599999999999996,1.16,1.4,4.0
val,654,0,val/654.wav,datasets/audio_package_500/inserted_crossfade/inserted_225_000052_210_11243_210_6400_1_1529733547_7157180_637.wav,2.13,1.31,0.82,4.0
val,655,0,val/655.wav,datasets/audio_package_500/inserted_crossfade/inserted_225_000052_210_11243_210_6400_1_1529733547_7157180_637.wav,2.4299999999999997,0.94,1.49,4.0
val,656,0,val/656.wav,datasets/audio_package_500/inserted_crossfade/inserted_226_000098_210_10987_210_4163_1_1529760555_4123902_219.wav,2.08,1.58,0.5,4.0
val,657,0,val/657.wav,datasets/audio_package_500/inserted_crossfade/inserted_227_000113_210_14072_210_5632_1_1530687092_5046021_455.wav,2.26,0.95,1.31,4.0
val,658,0,val/658.wav,datasets/audio_package_500/inserted_crossfade/inserted_228_000370_210_26192_210_7927_1_1532133577_3686238_236.wav,1.42,0.59,0.83,4.0
val,659,0,val/659.wav,datasets/audio_package_500/inserted_crossfade/inserted_228_000370_210_26192_210_7927_1_1532133577_3686238_236.wav,1.6800000000000002,1.07,0.61,4.0
val,660,0,val/660.wav,datasets/audio_package_500/inserted_crossfade/inserted_229_000288_210_1553_210_1886_1_1525004455_2563417_12.wav,2.01,1.16,0.85,4.0
val,661,0,val/661.wav,datasets/audio_package_500/inserted_crossfade/inserted_229_000288_210_1553_210_1886_1_1525004455_2563417_12.wav,2.65,1.19,1.46,4.0
val,662,0,val/662.wav,datasets/audio_package_500/inserted_crossfade/inserted_230_000242_210_10987_210_4163_1_1529760555_4123902_426.wav,2.2,1.48,0.72,4.0
val,663,0,val/663.wav,datasets/audio_package_500/inserted_crossfade/inserted_232_000188_210_14854_210_9261_1_1530751862_7649582_249.wav,2.5599999999999996,1.38,1.18,4.0
val,664,0,val/664.wav,datasets/audio_package_500/inserted_crossfade/inserted_233_000397_210_10987_210_4163_1_1529760555_4123902_419.wav,2.1,0.82,1.28,4.0
val,665,0,val/665.wav,datasets/audio_package_500/inserted_crossfade/inserted_234_000278_210_10987_210_4163_1_1529760555_4123902_315.wav,1.52,0.46,1.06,4.0
val,666,0,val/666.wav,datasets/audio_package_500/inserted_crossfade/inserted_235_000130_210_10987_210_4163_1_1529760555_4123902_259.wav,2.61,1.46,1.15,4.0
val,667,0,val/667.wav,datasets/audio_package_500/inserted_crossfade/inserted_236_000384_210_14056_210_4163_1_1530604483_7572827_71.wav,1.94,1.04,0.9,4.0
val,668,0,val/668.wav,datasets/audio_package_500/inserted_crossfade/inserted_237_000375_210_14597_210_9261_1_1530668986_7263853_631.wav,1.71,0.45,1.26,4.0
val,669,0,val/669.wav,datasets/audio_package_500/inserted_crossfade/inserted_237_000375_210_14597_210_9261_1_1530668986_7263853_631.wav,1.55,0.55,1.0,4.0
val,670,0,val/670.wav,datasets/audio_package_500/inserted_crossfade/inserted_237_000375_210_14597_210_9261_1_1530668986_7263853_631.wav,1.47,0.82,0.65,4.0
val,671,0,val/671.wav,datasets/audio_package_500/inserted_crossfade/inserted_238_000303_210_10987_210_4163_1_1529760555_4123902_488.wav,2.83,1.5,1.33,4.0
val,672,0,val/672.wav,datasets/audio_package_500/inserted_crossfade/inserted_239_000107_210_14072_210_5632_1_1530687092_5046021_433.wav,1.6600000000000001,0.33,1.33,4.0
val,673,0,val/673.wav,datasets/audio_package_500/inserted_crossfade/inserted_239_000107_210_14072_210_5632_1_1530687092_5046021_433.wav,1.83,1.09,0.74,4.0
val,674,0,val/674.wav,datasets/audio_package_500/inserted_crossfade/inserted_240_000275_210_2262_210_1849_1_1525508737_4555059_204.wav,1.96,1.09,0.87,4.0
val,675,0,val/675.wav,datasets/audio_package_500/inserted_crossfade/inserted_240_000275_210_2262_210_1849_1_1525508737_4555059_204.wav,1.91,1.2,0.71,4.0
val,676,0,val/676.wav,datasets/audio_package_500/inserted_crossfade/inserted_240_000275_210_2262_210_1849_1_1525508737_4555059_204.wav,1.95,1.39,0.56,4.0
val,677,0,val/677.wav,datasets/audio_package_500/inserted_crossfade/inserted_240_000275_210_2262_210_1849_1_1525508737_4555059_204.wav,2.78,1.39,1.39,4.0
val,678,0,val/678.wav,datasets/audio_package_500/inserted_crossfade/inserted_241_000345_210_14056_210_4163_1_1530604483_7572827_185.wav,2.61,1.68,0.93,4.0
val,679,0,val/679.wav,datasets/audio_package_500/inserted_crossfade/inserted_241_000345_210_14056_210_4163_1_1530604483_7572827_185.wav,2.23,1.21,1.02,4.0
val,680,0,val/680.wav,datasets/audio_package_500/inserted_crossfade/inserted_242_000033_210_11349_210_6753_1_1529800861_1101207_69.wav,2.0,0.4,1.6,4.0
val,681,0,val/681.wav,datasets/audio_package_500/inserted_crossfade/inserted_243_000285_210_1553_210_1886_1_1525004455_2563417_118.wav,2.83,1.42,1.41,4.0
val,682,0,val/682.wav,datasets/audio_package_500/inserted_crossfade/inserted_243_000285_210_1553_210_1886_1_1525004455_2563417_118.wav,2.55,1.45,1.1,4.0
val,683,0,val/683.wav,datasets/audio_package_500/inserted_crossfade/inserted_244_000262_210_14058_210_4163_1_1530697317_1216855_24.wav,2.27,1.32,0.95,4.0
val,684,0,val/684.wav,datasets/audio_package_500/inserted_crossfade/inserted_244_000262_210_14058_210_4163_1_1530697317_1216855_24.wav,2.06,1.23,0.83,4.0
val,685,0,val/685.wav,datasets/audio_package_500/inserted_crossfade/inserted_244_000262_210_14058_210_4163_1_1530697317_1216855_24.wav,2.27,1.29,0.98,4.0
val,686,0,val/686.wav,datasets/audio_package_500/inserted_crossfade/inserted_244_000262_210_14058_210_4163_1_1530697317_1216855_24.wav,1.46,1.05,0.41,4.0
val,687,0,val/687.wav,datasets/audio_package_500/inserted_crossfade/inserted_245_000248_210_14058_210_4163_1_1530690953_6327180_462.wav,3.44,1.93,1.51,4.0
val,688,0,val/688.wav,datasets/audio_package_500/inserted_crossfade/inserted_245_000248_210_14058_210_4163_1_1530690953_6327180_462.wav,2.56,1.56,1.0,4.0
val,689,0,val/689.wav,datasets/audio_package_500/inserted_crossfade/inserted_246_000044_210_10987_210_4163_1_1529760555_4123902_133.wav,1.8900000000000001,1.35,0.54,4.0
val,690,0,val/690.wav,datasets/audio_package_500/inserted_crossfade/inserted_246_000044_210_10987_210_4163_1_1529760555_4123902_133.wav,2.0999999999999996,0.97,1.13,4.0
val,691,0,val/691.wav,datasets/audio_package_500/inserted_crossfade/inserted_247_000325_210_14470_210_6400_1_1530583012_3092759_260.wav,2.49,1.15,1.34,4.0
val,692,0,val/692.wav,datasets/audio_package_500/inserted_crossfade/inserted_248_000083_210_14056_210_4163_1_1530604483_7572827_1040.wav,1.81,1.17,0.64,4.0
val,693,0,val/693.wav,datasets/audio_package_500/inserted_crossfade/inserted_248_000083_210_14056_210_4163_1_1530604483_7572827_1040.wav,2.7,1.35,1.35,4.0
val,694,0,val/694.wav,datasets/audio_package_500/inserted_crossfade/inserted_248_000083_210_14056_210_4163_1_1530604483_7572827_1040.wav,2.01,0.62,1.39,4.0
val,695,0,val/695.wav,datasets/audio_package_500/inserted_crossfade/inserted_249_000352_210_10987_210_4163_1_1529760555_4123902_382.wav,2.17,1.45,0.72,4.0
val,696,0,val/696.wav,datasets/audio_package_500/inserted_crossfade/inserted_250_000142_210_14410_210_7927_1_1530609728_6207925_808.wav,1.94,0.69,1.25,4.0
test,1,0,test/1.wav,datasets/crossfade_switchlingua_seame/seame_zh_into_switchlingua_en/audio/000225_1283.wav,2.66,1.39,1.27,4.0
test,2,0,test/2.wav,datasets/crossfade_switchlingua_seame/seame_zh_into_switchlingua_en/audio/000317_264.wav,2.95,1.22,1.73,4.0
test,3,1,test/3.wav,datasets/seame_dev_sge_cn_en_2000/00413.wav,1.5899999999999999,0.16,1.43,4.0
test,4,0,test/4.wav,datasets/crossfade_switchlingua_seame/seame_zh_into_switchlingua_en/audio/000289_189.wav,3.1,1.79,1.31,4.0
test,5,0,test/5.wav,datasets/crossfade_switchlingua_seame/seame_zh_into_switchlingua_en/audio/000203_1262.wav,2.92,1.58,1.34,4.0
test,6,1,test/6.wav,datasets/seame_dev_sge_cn_en_2000/00227.wav,2.31,1.44,0.87,4.0
test,7,1,test/7.wav,datasets/seame_dev_sge_cn_en_2000/01146.wav,2.79,1.57,1.22,4.0
test,8,0,test/8.wav,datasets/crossfade_switchlingua_seame/seame_zh_into_switchlingua_en/audio/000161_1222.wav,2.17,1.41,0.76,4.0
test,9,1,test/9.wav,datasets/seame_dev_sge_cn_en_2000/00307.wav,0.78,0.19,0.59,4.0
test,10,1,test/10.wav,datasets/seame_dev_sge_cn_en_2000/00408.wav,1.65,0.14,1.51,4.0
test,11,1,test/11.wav,datasets/seame_dev_sge_cn_en_2000/01232.wav,2.5,1.34,1.16,4.0
test,12,1,test/12.wav,datasets/seame_dev_sge_cn_en_2000/00622.wav,2.07,0.59,1.48,4.0
test,13,1,test/13.wav,datasets/seame_dev_sge_cn_en_2000/01072.wav,1.4300000000000002,0.32,1.11,4.0
test,14,0,test/14.wav,datasets/crossfade_switchlingua_seame/seame_zh_into_switchlingua_en/audio/000316_254.wav,2.83,1.51,1.32,4.0
test,15,0,test/15.wav,datasets/crossfade_switchlingua_seame/seame_zh_into_switchlingua_en/audio/000009_1009.wav,3.21,1.54,1.67,4.0
test,16,0,test/16.wav,datasets/crossfade_switchlingua_seame/seame_zh_into_switchlingua_en/audio/000178_1239.wav,2.93,1.36,1.57,4.0
test,17,1,test/17.wav,datasets/seame_dev_sge_cn_en_2000/00171.wav,2.52,1.51,1.01,4.0
test,18,0,test/18.wav,datasets/crossfade_switchlingua_seame/seame_zh_into_switchlingua_en/audio/000363_351.wav,2.88,1.18,1.7,4.0
test,19,1,test/19.wav,datasets/seame_dev_sge_cn_en_2000/01125.wav,2.35,0.66,1.69,4.0
test,20,0,test/20.wav,datasets/crossfade_switchlingua_seame/seame_zh_into_switchlingua_en/audio/000305_234.wav,2.95,1.49,1.46,4.0
test,21,1,test/21.wav,datasets/seame_dev_sge_cn_en_2000/00984.wav,3.0199999999999996,1.39,1.63,4.0
test,22,1,test/22.wav,datasets/seame_dev_sge_cn_en_2000/00106.wav,1.8499999999999999,0.71,1.14,4.0
test,23,1,test/23.wav,datasets/seame_dev_sge_cn_en_2000/00298.wav,1.4100000000000001,0.93,0.48,4.0
test,24,0,test/24.wav,datasets/crossfade_switchlingua_seame/seame_zh_into_switchlingua_en/audio/000002_100.wav,2.62,1.39,1.23,4.0
test,25,0,test/25.wav,datasets/crossfade_switchlingua_seame/seame_zh_into_switchlingua_en/audio/000312_245.wav,3.07,1.68,1.39,4.0
test,26,1,test/26.wav,datasets/seame_dev_sge_cn_en_2000/00859.wav,2.21,1.48,0.73,4.0
test,27,0,test/27.wav,datasets/crossfade_switchlingua_seame/seame_zh_into_switchlingua_en/audio/000149_1203.wav,2.1399999999999997,1.4,0.74,4.0
test,28,0,test/28.wav,datasets/crossfade_switchlingua_seame/seame_en_into_switchlingua_hi/audio/000026_524.wav,2.38,1.57,0.81,4.0
test,29,0,test/29.wav,datasets/crossfade_switchlingua_seame/switchlingua_hi_into_seame_en/audio/000341_01156.wav,2.98,1.81,1.17,4.0
test,30,0,test/30.wav,datasets/crossfade_switchlingua_seame/seame_zh_into_switchlingua_en/audio/000352_332.wav,2.29,0.79,1.5,4.0
test,31,0,test/31.wav,datasets/crossfade_switchlingua_seame/seame_zh_into_switchlingua_en/audio/000329_291.wav,1.32,0.28,1.04,4.0
test,32,1,test/32.wav,datasets/seame_dev_sge_cn_en_2000/00304.wav,1.6500000000000001,0.32,1.33,4.0
test,33,1,test/33.wav,datasets/switchlingua_audio_2000/869.wav,3.51,1.76,1.75,4.0
test,34,1,test/34.wav,datasets/seame_dev_sge_cn_en_2000/00271.wav,2.42,1.49,0.93,4.0
test,35,0,test/35.wav,datasets/crossfade_switchlingua_seame/switchlingua_en_into_seame_zh/audio/000025_00151.wav,2.3200000000000003,1.08,1.24,4.0
test,36,0,test/36.wav,datasets/crossfade_switchlingua_seame/seame_zh_into_switchlingua_en/audio/000107_1152.wav,3.08,1.47,1.61,4.0
test,37,1,test/37.wav,datasets/seame_dev_sge_cn_en_2000/00889.wav,1.43,0.99,0.44,4.0
test,38,1,test/38.wav,datasets/seame_dev_sge_cn_en_2000/00619.wav,2.31,1.79,0.52,4.0
test,39,1,test/39.wav,datasets/seame_dev_sge_cn_en_2000/00034.wav,2.3,1.4,0.9,4.0
test,40,1,test/40.wav,datasets/seame_dev_sge_cn_en_2000/00096.wav,1.68,0.18,1.5,4.0
test,41,0,test/41.wav,datasets/crossfade_switchlingua_seame/seame_zh_into_switchlingua_en/audio/000207_1266.wav,2.9400000000000004,1.12,1.82,4.0
test,42,1,test/42.wav,datasets/seame_dev_sge_cn_en_2000/00889.wav,1.5,0.75,0.75,4.0
test,43,0,test/43.wav,datasets/crossfade_switchlingua_seame/seame_zh_into_switchlingua_en/audio/000295_212.wav,3.04,1.12,1.92,4.0
test,44,1,test/44.wav,datasets/switchlingua_audio_2000/1195.wav,2.08,1.2,0.88,4.0
test,45,1,test/45.wav,datasets/seame_dev_sge_cn_en_2000/00494.wav,2.25,0.6,1.65,4.0
test,46,0,test/46.wav,datasets/crossfade_switchlingua_seame/seame_zh_into_switchlingua_en/audio/000101_1146.wav,2.29,1.27,1.02,4.0
test,47,0,test/47.wav,datasets/crossfade_switchlingua_seame/seame_zh_into_switchlingua_en/audio/000041_106.wav,2.4299999999999997,1.44,0.99,4.0
test,48,0,test/48.wav,datasets/crossfade_switchlingua_seame/seame_zh_into_switchlingua_en/audio/000307_238.wav,1.6400000000000001,1.03,0.61,4.0
test,49,0,test/49.wav,datasets/crossfade_switchlingua_seame/seame_zh_into_switchlingua_en/audio/000309_240.wav,3.12,1.42,1.7,4.0
test,50,1,test/50.wav,datasets/seame_dev_sge_cn_en_2000/00238.wav,2.34,0.81,1.53,4.0
test,51,1,test/51.wav,datasets/seame_dev_sge_cn_en_2000/00246.wav,2.8499999999999996,1.39,1.46,4.0
test,52,0,test/52.wav,datasets/crossfade_switchlingua_seame/switchlingua_hi_into_seame_en/audio/000014_00085.wav,3.16,1.46,1.7,4.0
test,53,0,test/53.wav,datasets/crossfade_switchlingua_seame/seame_zh_into_switchlingua_en/audio/000252_1309.wav,2.43,1.1,1.33,4.0
test,54,0,test/54.wav,datasets/crossfade_switchlingua_seame/seame_zh_into_switchlingua_en/audio/000242_130.wav,2.3499999999999996,1.14,1.21,4.0
test,55,1,test/55.wav,datasets/seame_dev_sge_cn_en_2000/01002.wav,2.3200000000000003,1.04,1.28,4.0
test,56,0,test/56.wav,datasets/crossfade_switchlingua_seame/seame_zh_into_switchlingua_en/audio/000056_1084.wav,1.98,1.05,0.93,4.0
test,57,0,test/57.wav,datasets/crossfade_switchlingua_seame/seame_zh_into_switchlingua_en/audio/000156_1217.wav,2.56,1.63,0.93,4.0
test,58,1,test/58.wav,datasets/switchlingua_audio_2000/891.wav,2.86,1.71,1.15,4.0
test,59,1,test/59.wav,datasets/seame_dev_sge_cn_en_2000/00067.wav,1.55,0.63,0.92,4.0
test,60,0,test/60.wav,datasets/crossfade_switchlingua_seame/switchlingua_en_into_seame_zh/audio/000051_00321.wav,1.7,0.15,1.55,4.0
test,61,1,test/61.wav,datasets/seame_dev_sge_cn_en_2000/01097.wav,2.23,1.08,1.15,4.0
test,62,0,test/62.wav,datasets/crossfade_switchlingua_seame/switchlingua_hi_into_seame_en/audio/000096_00416.wav,0.45,0.11,0.34,4.0
test,63,0,test/63.wav,datasets/crossfade_switchlingua_seame/seame_zh_into_switchlingua_en/audio/000170_1231.wav,2.92,1.45,1.47,4.0
test,64,1,test/64.wav,datasets/seame_dev_sge_cn_en_2000/00036.wav,1.02,0.25,0.77,4.0
test,65,0,test/65.wav,datasets/crossfade_switchlingua_seame/seame_zh_into_switchlingua_en/audio/000327_284.wav,3.05,1.67,1.38,4.0
test,66,1,test/66.wav,datasets/seame_dev_sge_cn_en_2000/00091.wav,3.29,1.53,1.76,4.0
test,67,1,test/67.wav,datasets/seame_dev_sge_cn_en_2000/01095.wav,2.91,1.41,1.5,4.0
test,68,0,test/68.wav,datasets/crossfade_switchlingua_seame/switchlingua_en_into_seame_zh/audio/000026_00158.wav,2.75,1.56,1.19,4.0
test,69,1,test/69.wav,datasets/seame_dev_sge_cn_en_2000/00496.wav,2.3899999999999997,1.64,0.75,4.0
test,70,0,test/70.wav,datasets/crossfade_switchlingua_seame/seame_zh_into_switchlingua_en/audio/000321_275.wav,1.36,0.24,1.12,4.0
test,71,0,test/71.wav,datasets/crossfade_switchlingua_seame/switchlingua_en_into_seame_zh/audio/000117_00761.wav,2.0,1.2,0.8,4.0
test,72,1,test/72.wav,datasets/seame_dev_sge_cn_en_2000/00617.wav,1.9300000000000002,1.03,0.9,4.0
test,73,0,test/73.wav,datasets/crossfade_switchlingua_seame/seame_zh_into_switchlingua_en/audio/000196_1255.wav,2.5599999999999996,1.42,1.14,4.0
test,74,1,test/74.wav,datasets/seame_dev_sge_cn_en_2000/00318.wav,0.8899999999999999,0.29,0.6,4.0
test,75,0,test/75.wav,datasets/crossfade_switchlingua_seame/seame_zh_into_switchlingua_en/audio/000056_1084.wav,2.67,1.62,1.05,4.0
test,76,0,test/76.wav,datasets/crossfade_switchlingua_seame/seame_zh_into_switchlingua_en/audio/000352_332.wav,3.25,1.5,1.75,4.0
test,77,1,test/77.wav,datasets/seame_dev_sge_cn_en_2000/00082.wav,2.79,1.49,1.3,4.0
test,78,0,test/78.wav,datasets/crossfade_switchlingua_seame/seame_zh_into_switchlingua_en/audio/000114_1162.wav,2.67,1.2,1.47,4.0
test,79,1,test/79.wav,datasets/seame_dev_sge_cn_en_2000/00006.wav,2.83,1.58,1.25,4.0
test,80,1,test/80.wav,datasets/seame_dev_sge_cn_en_2000/00931.wav,0.69,0.43,0.26,4.0
test,81,0,test/81.wav,datasets/crossfade_switchlingua_seame/seame_zh_into_switchlingua_en/audio/000289_189.wav,2.22,1.31,0.91,4.0
test,82,0,test/82.wav,datasets/crossfade_switchlingua_seame/seame_zh_into_switchlingua_en/audio/000165_1226.wav,1.16,0.94,0.22,4.0
test,83,0,test/83.wav,datasets/crossfade_switchlingua_seame/seame_zh_into_switchlingua_en/audio/000071_1101.wav,3.1,1.52,1.58,4.0
test,84,0,test/84.wav,datasets/crossfade_switchlingua_seame/seame_zh_into_switchlingua_en/audio/000310_242.wav,3.4299999999999997,1.76,1.67,4.0
test,85,0,test/85.wav,datasets/crossfade_switchlingua_seame/seame_zh_into_switchlingua_en/audio/000043_1062.wav,2.21,0.98,1.23,4.0
test,86,0,test/86.wav,datasets/crossfade_switchlingua_seame/seame_zh_into_switchlingua_en/audio/000267_135.wav,2.18,1.62,0.56,4.0
test,87,0,test/87.wav,datasets/crossfade_switchlingua_seame/seame_zh_into_switchlingua_en/audio/000295_212.wav,2.49,1.37,1.12,4.0
test,88,0,test/88.wav,datasets/crossfade_switchlingua_seame/seame_zh_into_switchlingua_en/audio/000303_228.wav,3.6500000000000004,1.83,1.82,4.0
test,89,0,test/89.wav,datasets/crossfade_switchlingua_seame/seame_zh_into_switchlingua_en/audio/000153_1212.wav,2.42,1.12,1.3,4.0
test,90,1,test/90.wav,datasets/seame_dev_sge_cn_en_2000/00079.wav,2.23,1.21,1.02,4.0
test,91,1,test/91.wav,datasets/seame_dev_sge_cn_en_2000/01266.wav,2.4699999999999998,1.04,1.43,4.0
test,92,0,test/92.wav,datasets/crossfade_switchlingua_seame/seame_zh_into_switchlingua_en/audio/000359_341.wav,2.8,1.4,1.4,4.0
test,93,1,test/93.wav,datasets/seame_dev_sge_cn_en_2000/00062.wav,2.71,1.23,1.48,4.0
test,94,1,test/94.wav,datasets/seame_dev_sge_cn_en_2000/00131.wav,1.96,0.93,1.03,4.0
test,95,1,test/95.wav,datasets/seame_dev_sge_cn_en_2000/01104.wav,2.63,1.48,1.15,4.0
test,96,1,test/96.wav,datasets/seame_dev_sge_cn_en_2000/00876.wav,2.05,1.24,0.81,4.0
test,97,0,test/97.wav,datasets/crossfade_switchlingua_seame/seame_zh_into_switchlingua_en/audio/000158_1219.wav,2.73,1.08,1.65,4.0
test,98,1,test/98.wav,datasets/seame_dev_sge_cn_en_2000/01101.wav,2.23,1.13,1.1,4.0
test,99,1,test/99.wav,datasets/seame_dev_sge_cn_en_2000/00462.wav,3.17,1.7,1.47,4.0
test,100,1,test/100.wav,datasets/seame_dev_sge_cn_en_2000/00277.wav,2.06,0.5,1.56,4.0
test,101,0,test/101.wav,datasets/crossfade_switchlingua_seame/switchlingua_en_into_seame_zh/audio/000021_00136.wav,2.4699999999999998,1.22,1.25,4.0
test,102,1,test/102.wav,datasets/seame_dev_sge_cn_en_2000/00459.wav,1.4500000000000002,0.68,0.77,4.0
test,103,0,test/103.wav,datasets/crossfade_switchlingua_seame/seame_zh_into_switchlingua_en/audio/000130_118.wav,2.24,0.79,1.45,4.0
test,104,0,test/104.wav,datasets/crossfade_switchlingua_seame/seame_zh_into_switchlingua_en/audio/000080_1113.wav,2.9299999999999997,1.3,1.63,4.0
test,105,1,test/105.wav,datasets/seame_dev_sge_cn_en_2000/00493.wav,1.31,0.21,1.1,4.0
test,106,1,test/106.wav,datasets/seame_dev_sge_cn_en_2000/01086.wav,1.92,1.17,0.75,4.0
test,107,1,test/107.wav,datasets/seame_dev_sge_cn_en_2000/00915.wav,1.45,0.95,0.5,4.0
test,108,1,test/108.wav,datasets/seame_dev_sge_cn_en_2000/00995.wav,1.66,0.43,1.23,4.0
test,109,0,test/109.wav,datasets/crossfade_switchlingua_seame/seame_zh_into_switchlingua_en/audio/000076_1107.wav,2.46,1.29,1.17,4.0
test,110,1,test/110.wav,datasets/seame_dev_sge_cn_en_2000/00906.wav,1.8599999999999999,0.58,1.28,4.0
test,111,0,test/111.wav,datasets/crossfade_switchlingua_seame/seame_zh_into_switchlingua_en/audio/000368_358.wav,3.09,1.53,1.56,4.0
test,112,1,test/112.wav,datasets/seame_dev_sge_cn_en_2000/01001.wav,2.3,1.58,0.72,4.0
test,113,1,test/113.wav,datasets/seame_dev_sge_cn_en_2000/00171.wav,2.21,0.71,1.5,4.0
test,114,0,test/114.wav,datasets/crossfade_switchlingua_seame/seame_zh_into_switchlingua_en/audio/000305_234.wav,1.83,1.46,0.37,4.0
test,115,0,test/115.wav,datasets/crossfade_switchlingua_seame/seame_zh_into_switchlingua_en/audio/000032_1048.wav,2.8499999999999996,1.44,1.41,4.0
test,116,1,test/116.wav,datasets/seame_dev_sge_cn_en_2000/00295.wav,2.3899999999999997,1.39,1.0,4.0
test,117,0,test/117.wav,datasets/crossfade_switchlingua_seame/seame_zh_into_switchlingua_en/audio/000332_296.wav,2.08,1.22,0.86,4.0
test,118,0,test/118.wav,datasets/crossfade_switchlingua_seame/seame_zh_into_switchlingua_en/audio/000373_369.wav,2.25,1.17,1.08,4.0
test,119,0,test/119.wav,datasets/crossfade_switchlingua_seame/seame_zh_into_switchlingua_en/audio/000307_238.wav,2.38,1.35,1.03,4.0
test,120,0,test/120.wav,datasets/crossfade_switchlingua_seame/seame_zh_into_switchlingua_en/audio/000004_1003.wav,3.06,1.76,1.3,4.0
test,121,1,test/121.wav,datasets/seame_dev_sge_cn_en_2000/00003.wav,0.42000000000000004,0.17,0.25,4.0
test,122,1,test/122.wav,datasets/seame_dev_sge_cn_en_2000/01253.wav,2.46,1.28,1.18,4.0
test,123,0,test/123.wav,datasets/crossfade_switchlingua_seame/seame_zh_into_switchlingua_en/audio/000347_322.wav,2.74,1.36,1.38,4.0
test,124,0,test/124.wav,datasets/crossfade_switchlingua_seame/switchlingua_en_into_seame_zh/audio/000012_00081.wav,2.64,1.54,1.1,4.0
test,125,0,test/125.wav,datasets/crossfade_switchlingua_seame/seame_zh_into_switchlingua_en/audio/000335_3.wav,3.02,1.81,1.21,4.0
test,126,1,test/126.wav,datasets/seame_dev_sge_cn_en_2000/00448.wav,2.83,1.52,1.31,4.0
test,127,1,test/127.wav,datasets/seame_dev_sge_cn_en_2000/01205.wav,2.21,1.65,0.56,4.0
test,128,1,test/128.wav,datasets/seame_dev_sge_cn_en_2000/00753.wav,2.29,1.28,1.01,4.0
test,129,1,test/129.wav,datasets/seame_dev_sge_cn_en_2000/00633.wav,1.6500000000000001,1.1,0.55,4.0
test,130,0,test/130.wav,datasets/crossfade_switchlingua_seame/seame_zh_into_switchlingua_en/audio/000337_301.wav,2.24,1.14,1.1,4.0
test,131,0,test/131.wav,datasets/crossfade_switchlingua_seame/seame_en_into_switchlingua_hi/audio/000002_146.wav,3.25,1.55,1.7,4.0
test,132,1,test/132.wav,datasets/seame_dev_sge_cn_en_2000/00069.wav,3.05,1.82,1.23,4.0
test,133,1,test/133.wav,datasets/seame_dev_sge_cn_en_2000/01143.wav,2.51,1.32,1.19,4.0
test,134,0,test/134.wav,datasets/crossfade_switchlingua_seame/seame_zh_into_switchlingua_en/audio/000041_106.wav,2.3600000000000003,0.99,1.37,4.0
test,135,1,test/135.wav,datasets/seame_dev_sge_cn_en_2000/01220.wav,1.1600000000000001,0.05,1.11,4.0
test,136,1,test/136.wav,datasets/seame_dev_sge_cn_en_2000/00180.wav,1.76,0.89,0.87,4.0
test,137,0,test/137.wav,datasets/crossfade_switchlingua_seame/seame_zh_into_switchlingua_en/audio/000359_341.wav,2.44,1.4,1.04,4.0
test,138,0,test/138.wav,datasets/crossfade_switchlingua_seame/seame_zh_into_switchlingua_en/audio/000178_1239.wav,2.08,0.39,1.69,4.0
test,139,0,test/139.wav,datasets/crossfade_switchlingua_seame/switchlingua_hi_into_seame_en/audio/000321_01064.wav,3.19,1.64,1.55,4.0
test,140,0,test/140.wav,datasets/crossfade_switchlingua_seame/seame_zh_into_switchlingua_en/audio/000283_167.wav,1.96,1.67,0.29,4.0
test,141,1,test/141.wav,datasets/seame_dev_sge_cn_en_2000/01259.wav,2.3,1.0,1.3,4.0
test,142,0,test/142.wav,datasets/crossfade_switchlingua_seame/switchlingua_hi_into_seame_en/audio/000217_00755.wav,2.24,0.96,1.28,4.0
test,143,1,test/143.wav,datasets/seame_dev_sge_cn_en_2000/01189.wav,2.1799999999999997,1.2,0.98,4.0
test,144,1,test/144.wav,datasets/seame_dev_sge_cn_en_2000/00964.wav,1.1,0.28,0.82,4.0
test,145,1,test/145.wav,datasets/seame_dev_sge_cn_en_2000/00984.wav,2.63,0.99,1.64,4.0
test,146,0,test/146.wav,datasets/crossfade_switchlingua_seame/switchlingua_en_into_seame_zh/audio/000008_00035.wav,2.3499999999999996,1.64,0.71,4.0
test,147,1,test/147.wav,datasets/seame_dev_sge_cn_en_2000/00913.wav,1.96,1.45,0.51,4.0
test,148,0,test/148.wav,datasets/crossfade_switchlingua_seame/seame_zh_into_switchlingua_en/audio/000094_1130.wav,2.6,1.5,1.1,4.0
test,149,0,test/149.wav,datasets/crossfade_switchlingua_seame/seame_zh_into_switchlingua_en/audio/000338_302.wav,2.59,1.42,1.17,4.0
test,150,0,test/150.wav,datasets/crossfade_switchlingua_seame/seame_zh_into_switchlingua_en/audio/000304_231.wav,2.99,1.58,1.41,4.0
test,151,0,test/151.wav,datasets/crossfade_switchlingua_seame/seame_zh_into_switchlingua_en/audio/000065_1094.wav,1.94,0.9,1.04,4.0
test,152,1,test/152.wav,datasets/seame_dev_sge_cn_en_2000/00076.wav,2.6799999999999997,1.52,1.16,4.0
test,153,0,test/153.wav,datasets/crossfade_switchlingua_seame/seame_zh_into_switchlingua_en/audio/000273_15.wav,2.89,1.34,1.55,4.0
test,154,0,test/154.wav,datasets/crossfade_switchlingua_seame/seame_zh_into_switchlingua_en/audio/000232_1290.wav,1.91,1.49,0.42,4.0
test,155,1,test/155.wav,datasets/seame_dev_sge_cn_en_2000/01032.wav,2.74,1.1,1.64,4.0
test,156,1,test/156.wav,datasets/seame_dev_sge_cn_en_2000/00495.wav,1.7999999999999998,0.63,1.17,4.0
test,157,0,test/157.wav,datasets/crossfade_switchlingua_seame/seame_zh_into_switchlingua_en/audio/000145_1199.wav,3.14,1.81,1.33,4.0
test,158,0,test/158.wav,datasets/crossfade_switchlingua_seame/seame_zh_into_switchlingua_en/audio/000079_1112.wav,2.2800000000000002,1.1,1.18,4.0
test,159,0,test/159.wav,datasets/crossfade_switchlingua_seame/switchlingua_hi_into_seame_en/audio/000165_00626.wav,2.45,1.31,1.14,4.0
test,160,1,test/160.wav,datasets/seame_dev_sge_cn_en_2000/00892.wav,1.63,0.99,0.64,4.0
test,161,1,test/161.wav,datasets/seame_dev_sge_cn_en_2000/00239.wav,2.25,0.76,1.49,4.0
test,162,1,test/162.wav,datasets/switchlingua_audio_2000/437.wav,3.01,1.93,1.08,4.0
test,163,0,test/163.wav,datasets/crossfade_switchlingua_seame/seame_zh_into_switchlingua_en/audio/000057_1085.wav,2.48,1.07,1.41,4.0
test,164,1,test/164.wav,datasets/seame_dev_sge_cn_en_2000/00074.wav,1.61,0.04,1.57,4.0
test,165,0,test/165.wav,datasets/crossfade_switchlingua_seame/seame_zh_into_switchlingua_en/audio/000251_1308.wav,2.58,1.22,1.36,4.0
test,166,1,test/166.wav,datasets/seame_dev_sge_cn_en_2000/00324.wav,1.77,0.35,1.42,4.0
test,167,1,test/167.wav,datasets/seame_dev_sge_cn_en_2000/00947.wav,2.4400000000000004,1.34,1.1,4.0
test,168,1,test/168.wav,datasets/switchlingua_audio_2000/14.wav,3.6500000000000004,1.84,1.81,4.0
test,169,1,test/169.wav,datasets/seame_dev_sge_cn_en_2000/00534.wav,2.61,0.9,1.71,4.0
test,170,0,test/170.wav,datasets/crossfade_switchlingua_seame/seame_zh_into_switchlingua_en/audio/000347_322.wav,2.92,1.56,1.36,4.0
test,171,1,test/171.wav,datasets/seame_dev_sge_cn_en_2000/00225.wav,0.97,0.19,0.78,4.0
test,172,0,test/172.wav,datasets/crossfade_switchlingua_seame/switchlingua_en_into_seame_zh/audio/000021_00136.wav,2.62,1.4,1.22,4.0
test,173,0,test/173.wav,datasets/crossfade_switchlingua_seame/seame_zh_into_switchlingua_en/audio/000285_171.wav,3.0999999999999996,1.46,1.64,4.0
test,174,1,test/174.wav,datasets/switchlingua_audio_2000/48.wav,2.95,1.68,1.27,4.0
test,175,0,test/175.wav,datasets/crossfade_switchlingua_seame/seame_zh_into_switchlingua_en/audio/000141_1193.wav,2.48,1.45,1.03,4.0
test,176,0,test/176.wav,datasets/crossfade_switchlingua_seame/seame_zh_into_switchlingua_en/audio/000002_100.wav,2.41,1.23,1.18,4.0
test,177,1,test/177.wav,datasets/seame_dev_sge_cn_en_2000/00069.wav,2.36,0.7,1.66,4.0
test,178,0,test/178.wav,datasets/crossfade_switchlingua_seame/seame_zh_into_switchlingua_en/audio/000157_1218.wav,2.29,1.44,0.85,4.0
test,179,1,test/179.wav,datasets/seame_dev_sge_cn_en_2000/00093.wav,2.5,1.68,0.82,4.0
test,180,1,test/180.wav,datasets/seame_dev_sge_cn_en_2000/00470.wav,3.24,1.65,1.59,4.0
test,181,0,test/181.wav,datasets/crossfade_switchlingua_seame/switchlingua_en_into_seame_zh/audio/000003_00014.wav,3.55,1.8,1.75,4.0
test,182,0,test/182.wav,datasets/crossfade_switchlingua_seame/seame_zh_into_switchlingua_en/audio/000370_364.wav,2.03,1.19,0.84,4.0
test,183,0,test/183.wav,datasets/crossfade_switchlingua_seame/seame_zh_into_switchlingua_en/audio/000291_196.wav,2.92,1.46,1.46,4.0
test,184,0,test/184.wav,datasets/crossfade_switchlingua_seame/seame_zh_into_switchlingua_en/audio/000103_1148.wav,2.85,1.52,1.33,4.0
test,185,1,test/185.wav,datasets/seame_dev_sge_cn_en_2000/00089.wav,2.6399999999999997,1.2,1.44,4.0
test,186,0,test/186.wav,datasets/crossfade_switchlingua_seame/seame_zh_into_switchlingua_en/audio/000312_245.wav,2.95,1.38,1.57,4.0
test,187,0,test/187.wav,datasets/crossfade_switchlingua_seame/seame_zh_into_switchlingua_en/audio/000319_271.wav,2.88,0.95,1.93,4.0
test,188,0,test/188.wav,datasets/crossfade_switchlingua_seame/seame_zh_into_switchlingua_en/audio/000116_1164.wav,2.41,1.6,0.81,4.0
test,189,0,test/189.wav,datasets/crossfade_switchlingua_seame/seame_zh_into_switchlingua_en/audio/000218_1277.wav,2.52,1.02,1.5,4.0
test,190,0,test/190.wav,datasets/crossfade_switchlingua_seame/seame_zh_into_switchlingua_en/audio/000333_297.wav,2.58,1.12,1.46,4.0
test,191,0,test/191.wav,datasets/crossfade_switchlingua_seame/seame_zh_into_switchlingua_en/audio/000101_1146.wav,2.58,1.02,1.56,4.0
test,192,0,test/192.wav,datasets/crossfade_switchlingua_seame/switchlingua_hi_into_seame_en/audio/000362_01211.wav,3.0,1.32,1.68,4.0
test,193,1,test/193.wav,datasets/seame_dev_sge_cn_en_2000/00347.wav,2.8899999999999997,1.67,1.22,4.0
test,194,1,test/194.wav,datasets/seame_dev_sge_cn_en_2000/01198.wav,2.8200000000000003,1.33,1.49,4.0
test,195,1,test/195.wav,datasets/seame_dev_sge_cn_en_2000/00797.wav,0.77,0.24,0.53,4.0
test,196,0,test/196.wav,datasets/crossfade_switchlingua_seame/seame_zh_into_switchlingua_en/audio/000327_284.wav,2.5,1.38,1.12,4.0
test,197,1,test/197.wav,datasets/seame_dev_sge_cn_en_2000/00961.wav,2.5300000000000002,1.54,0.99,4.0
test,198,0,test/198.wav,datasets/crossfade_switchlingua_seame/seame_zh_into_switchlingua_en/audio/000282_165.wav,1.1199999999999999,0.97,0.15,4.0
test,199,0,test/199.wav,datasets/crossfade_switchlingua_seame/switchlingua_hi_into_seame_en/audio/000365_01215.wav,2.42,1.39,1.03,4.0
test,200,1,test/200.wav,datasets/seame_dev_sge_cn_en_2000/00442.wav,1.35,0.07,1.28,4.0
test,201,1,test/201.wav,datasets/seame_dev_sge_cn_en_2000/00828.wav,2.84,1.4,1.44,4.0
test,202,1,test/202.wav,datasets/seame_dev_sge_cn_en_2000/00043.wav,2.37,1.2,1.17,4.0
test,203,1,test/203.wav,datasets/seame_dev_sge_cn_en_2000/00370.wav,1.1600000000000001,0.4,0.76,4.0
test,204,0,test/204.wav,datasets/crossfade_switchlingua_seame/seame_zh_into_switchlingua_en/audio/000059_1087.wav,1.83,0.65,1.18,4.0
test,205,1,test/205.wav,datasets/seame_dev_sge_cn_en_2000/01090.wav,2.02,0.64,1.38,4.0
test,206,0,test/206.wav,datasets/crossfade_switchlingua_seame/switchlingua_hi_into_seame_en/audio/000062_00290.wav,2.77,1.6,1.17,4.0
test,207,1,test/207.wav,datasets/seame_dev_sge_cn_en_2000/00080.wav,2.84,1.1,1.74,4.0
test,208,0,test/208.wav,datasets/crossfade_switchlingua_seame/seame_en_into_switchlingua_hi/audio/000024_491.wav,3.62,1.84,1.78,4.0
test,209,0,test/209.wav,datasets/crossfade_switchlingua_seame/switchlingua_en_into_seame_zh/audio/000154_00914.wav,2.06,0.61,1.45,4.0
test,210,0,test/210.wav,datasets/crossfade_switchlingua_seame/seame_zh_into_switchlingua_en/audio/000061_109.wav,3.25,1.58,1.67,4.0
test,211,1,test/211.wav,datasets/seame_dev_sge_cn_en_2000/00352.wav,1.98,1.41,0.57,4.0
test,212,1,test/212.wav,datasets/seame_dev_sge_cn_en_2000/00246.wav,2.4,1.48,0.92,4.0
test,213,0,test/213.wav,datasets/crossfade_switchlingua_seame/seame_zh_into_switchlingua_en/audio/000293_2.wav,2.5700000000000003,1.6,0.97,4.0
test,214,0,test/214.wav,datasets/crossfade_switchlingua_seame/switchlingua_en_into_seame_zh/audio/000034_00211.wav,1.97,1.52,0.45,4.0
test,215,0,test/215.wav,datasets/crossfade_switchlingua_seame/seame_zh_into_switchlingua_en/audio/000080_1113.wav,3.0599999999999996,1.63,1.43,4.0
test,216,0,test/216.wav,datasets/crossfade_switchlingua_seame/seame_zh_into_switchlingua_en/audio/000109_1154.wav,2.95,1.51,1.44,4.0
test,217,0,test/217.wav,datasets/crossfade_switchlingua_seame/switchlingua_hi_into_seame_en/audio/000165_00626.wav,2.15,1.26,0.89,4.0
test,218,1,test/218.wav,datasets/seame_dev_sge_cn_en_2000/00088.wav,1.66,1.14,0.52,4.0
test,219,0,test/219.wav,datasets/crossfade_switchlingua_seame/seame_zh_into_switchlingua_en/audio/000167_1228.wav,2.71,1.7,1.01,4.0
test,220,1,test/220.wav,datasets/seame_dev_sge_cn_en_2000/00718.wav,0.8500000000000001,0.54,0.31,4.0
test,221,0,test/221.wav,datasets/crossfade_switchlingua_seame/seame_zh_into_switchlingua_en/audio/000100_1145.wav,1.3199999999999998,0.71,0.61,4.0
test,222,1,test/222.wav,datasets/seame_dev_sge_cn_en_2000/00580.wav,0.95,0.2,0.75,4.0
test,223,0,test/223.wav,datasets/crossfade_switchlingua_seame/seame_zh_into_switchlingua_en/audio/000044_1064.wav,1.91,1.47,0.44,4.0
test,224,0,test/224.wav,datasets/crossfade_switchlingua_seame/seame_zh_into_switchlingua_en/audio/000097_1136.wav,2.12,1.23,0.89,4.0
test,225,0,test/225.wav,datasets/crossfade_switchlingua_seame/switchlingua_en_into_seame_zh/audio/000047_00302.wav,2.9000000000000004,1.1,1.8,4.0
test,226,0,test/226.wav,datasets/crossfade_switchlingua_seame/seame_zh_into_switchlingua_en/audio/000110_1155.wav,2.42,0.92,1.5,4.0
test,227,1,test/227.wav,datasets/seame_dev_sge_cn_en_2000/00187.wav,1.49,0.29,1.2,4.0
test,228,0,test/228.wav,datasets/crossfade_switchlingua_seame/seame_zh_into_switchlingua_en/audio/000013_1014.wav,2.98,1.67,1.31,4.0
test,229,1,test/229.wav,datasets/seame_dev_sge_cn_en_2000/00947.wav,2.48,1.14,1.34,4.0
test,230,0,test/230.wav,datasets/crossfade_switchlingua_seame/seame_zh_into_switchlingua_en/audio/000203_1262.wav,3.01,1.34,1.67,4.0
test,231,0,test/231.wav,datasets/crossfade_switchlingua_seame/switchlingua_hi_into_seame_en/audio/000284_00969.wav,2.1100000000000003,1.01,1.1,4.0
test,232,1,test/232.wav,datasets/seame_dev_sge_cn_en_2000/00173.wav,2.04,1.37,0.67,4.0
test,233,1,test/233.wav,datasets/seame_dev_sge_cn_en_2000/01184.wav,1.01,0.35,0.66,4.0
test,234,1,test/234.wav,datasets/seame_dev_sge_cn_en_2000/00791.wav,1.38,0.71,0.67,4.0
test,235,0,test/235.wav,datasets/crossfade_switchlingua_seame/seame_zh_into_switchlingua_en/audio/000186_1246.wav,2.45,1.26,1.19,4.0
test,236,0,test/236.wav,datasets/crossfade_switchlingua_seame/seame_zh_into_switchlingua_en/audio/000334_298.wav,2.99,1.58,1.41,4.0
test,237,1,test/237.wav,datasets/switchlingua_audio_2000/308.wav,3.23,1.73,1.5,4.0
test,238,1,test/238.wav,datasets/seame_dev_sge_cn_en_2000/00616.wav,1.49,0.98,0.51,4.0
test,239,0,test/239.wav,datasets/crossfade_switchlingua_seame/seame_zh_into_switchlingua_en/audio/000157_1218.wav,3.1399999999999997,1.74,1.4,4.0
test,240,0,test/240.wav,datasets/crossfade_switchlingua_seame/seame_zh_into_switchlingua_en/audio/000121_1169.wav,2.13,0.84,1.29,4.0
test,241,0,test/241.wav,datasets/crossfade_switchlingua_seame/seame_zh_into_switchlingua_en/audio/000293_2.wav,2.56,0.96,1.6,4.0
test,242,1,test/242.wav,datasets/seame_dev_sge_cn_en_2000/00891.wav,1.29,0.87,0.42,4.0
test,243,0,test/243.wav,datasets/crossfade_switchlingua_seame/switchlingua_en_into_seame_zh/audio/000013_00099.wav,2.33,0.94,1.39,4.0
test,244,1,test/244.wav,datasets/seame_dev_sge_cn_en_2000/00845.wav,2.5300000000000002,1.18,1.35,4.0
test,245,1,test/245.wav,datasets/seame_dev_sge_cn_en_2000/00376.wav,2.8499999999999996,1.4,1.45,4.0
test,246,1,test/246.wav,datasets/seame_dev_sge_cn_en_2000/00097.wav,2.62,1.4,1.22,4.0
test,247,0,test/247.wav,datasets/crossfade_switchlingua_seame/seame_zh_into_switchlingua_en/audio/000218_1277.wav,2.01,1.5,0.51,4.0
test,248,1,test/248.wav,datasets/seame_dev_sge_cn_en_2000/00217.wav,3.27,1.68,1.59,4.0
test,249,1,test/249.wav,datasets/seame_dev_sge_cn_en_2000/00116.wav,1.27,0.49,0.78,4.0
test,250,0,test/250.wav,datasets/crossfade_switchlingua_seame/seame_en_into_switchlingua_hi/audio/000018_267.wav,2.71,1.32,1.39,4.0
test,251,0,test/251.wav,datasets/crossfade_switchlingua_seame/seame_zh_into_switchlingua_en/audio/000343_314.wav,2.4,0.63,1.77,4.0
test,252,0,test/252.wav,datasets/crossfade_switchlingua_seame/switchlingua_en_into_seame_zh/audio/000025_00151.wav,1.51,0.78,0.73,4.0
test,253,1,test/253.wav,datasets/seame_dev_sge_cn_en_2000/00985.wav,2.6500000000000004,1.31,1.34,4.0
test,254,1,test/254.wav,datasets/seame_dev_sge_cn_en_2000/00473.wav,1.81,0.69,1.12,4.0
test,255,1,test/255.wav,datasets/seame_dev_sge_cn_en_2000/00274.wav,3.13,1.49,1.64,4.0
test,256,1,test/256.wav,datasets/seame_dev_sge_cn_en_2000/00472.wav,2.94,1.29,1.65,4.0
test,257,0,test/257.wav,datasets/crossfade_switchlingua_seame/switchlingua_en_into_seame_zh/audio/000105_00721.wav,2.8200000000000003,1.32,1.5,4.0
test,258,1,test/258.wav,datasets/seame_dev_sge_cn_en_2000/00231.wav,2.59,0.95,1.64,4.0
test,259,0,test/259.wav,datasets/crossfade_switchlingua_seame/seame_zh_into_switchlingua_en/audio/000331_295.wav,3.08,1.64,1.44,4.0
test,260,1,test/260.wav,datasets/seame_dev_sge_cn_en_2000/01124.wav,1.12,0.51,0.61,4.0
test,261,0,test/261.wav,datasets/crossfade_switchlingua_seame/seame_zh_into_switchlingua_en/audio/000354_336.wav,2.6500000000000004,1.31,1.34,4.0
test,262,1,test/262.wav,datasets/switchlingua_audio_2000/480.wav,2.34,1.43,0.91,4.0
test,263,1,test/263.wav,datasets/seame_dev_sge_cn_en_2000/01125.wav,2.42,1.41,1.01,4.0
test,264,1,test/264.wav,datasets/seame_dev_sge_cn_en_2000/00179.wav,2.42,1.56,0.86,4.0
test,265,1,test/265.wav,datasets/seame_dev_sge_cn_en_2000/00096.wav,1.9899999999999998,1.14,0.85,4.0
test,266,0,test/266.wav,datasets/crossfade_switchlingua_seame/seame_zh_into_switchlingua_en/audio/000350_326.wav,2.69,1.55,1.14,4.0
test,267,1,test/267.wav,datasets/seame_dev_sge_cn_en_2000/00352.wav,1.4500000000000002,0.08,1.37,4.0
test,268,0,test/268.wav,datasets/crossfade_switchlingua_seame/seame_zh_into_switchlingua_en/audio/000145_1199.wav,1.94,1.33,0.61,4.0
test,269,0,test/269.wav,datasets/crossfade_switchlingua_seame/seame_zh_into_switchlingua_en/audio/000038_1057.wav,2.54,1.52,1.02,4.0
test,270,0,test/270.wav,datasets/crossfade_switchlingua_seame/switchlingua_en_into_seame_zh/audio/000051_00321.wav,2.76,1.0,1.76,4.0
test,271,1,test/271.wav,datasets/seame_dev_sge_cn_en_2000/00116.wav,0.94,0.22,0.72,4.0
test,272,0,test/272.wav,datasets/crossfade_switchlingua_seame/seame_zh_into_switchlingua_en/audio/000317_264.wav,2.04,0.82,1.22,4.0
test,273,1,test/273.wav,datasets/switchlingua_audio_2000/89.wav,2.51,1.29,1.22,4.0
test,274,1,test/274.wav,datasets/seame_dev_sge_cn_en_2000/00955.wav,2.48,1.59,0.89,4.0
test,275,1,test/275.wav,datasets/seame_dev_sge_cn_en_2000/00180.wav,1.65,0.9,0.75,4.0
test,276,1,test/276.wav,datasets/seame_dev_sge_cn_en_2000/00169.wav,2.6,1.33,1.27,4.0
test,277,0,test/277.wav,datasets/crossfade_switchlingua_seame/switchlingua_hi_into_seame_en/audio/000325_01077.wav,2.7800000000000002,1.25,1.53,4.0
test,278,1,test/278.wav,datasets/seame_dev_sge_cn_en_2000/00019.wav,2.44,1.5,0.94,4.0
test,279,1,test/279.wav,datasets/seame_dev_sge_cn_en_2000/00545.wav,2.04,1.4,0.64,4.0
test,280,0,test/280.wav,datasets/crossfade_switchlingua_seame/seame_zh_into_switchlingua_en/audio/000287_178.wav,3.12,1.78,1.34,4.0
test,281,1,test/281.wav,datasets/switchlingua_audio_2000/436.wav,1.98,1.38,0.6,4.0
test,282,0,test/282.wav,datasets/crossfade_switchlingua_seame/seame_zh_into_switchlingua_en/audio/000155_1216.wav,2.38,1.15,1.23,4.0
test,283,1,test/283.wav,datasets/seame_dev_sge_cn_en_2000/00618.wav,1.61,0.29,1.32,4.0
test,284,1,test/284.wav,datasets/switchlingua_audio_2000/14.wav,3.26,1.68,1.58,4.0
test,285,1,test/285.wav,datasets/seame_dev_sge_cn_en_2000/00274.wav,2.9299999999999997,1.29,1.64,4.0
test,286,0,test/286.wav,datasets/crossfade_switchlingua_seame/seame_zh_into_switchlingua_en/audio/000158_1219.wav,3.13,1.67,1.46,4.0
test,287,1,test/287.wav,datasets/seame_dev_sge_cn_en_2000/00930.wav,1.6099999999999999,0.22,1.39,4.0
test,288,0,test/288.wav,datasets/crossfade_switchlingua_seame/seame_zh_into_switchlingua_en/audio/000371_366.wav,1.43,1.4,0.03,4.0
test,289,0,test/289.wav,datasets/crossfade_switchlingua_seame/seame_zh_into_switchlingua_en/audio/000186_1246.wav,2.73,1.47,1.26,4.0
test,290,1,test/290.wav,datasets/seame_dev_sge_cn_en_2000/01087.wav,1.3199999999999998,0.47,0.85,4.0
test,291,0,test/291.wav,datasets/crossfade_switchlingua_seame/seame_zh_into_switchlingua_en/audio/000166_1227.wav,2.69,1.52,1.17,4.0
test,292,1,test/292.wav,datasets/seame_dev_sge_cn_en_2000/00439.wav,1.43,0.82,0.61,4.0
test,293,0,test/293.wav,datasets/crossfade_switchlingua_seame/seame_zh_into_switchlingua_en/audio/000283_167.wav,3.29,1.62,1.67,4.0
test,294,1,test/294.wav,datasets/seame_dev_sge_cn_en_2000/00392.wav,3.05,1.53,1.52,4.0
test,295,1,test/295.wav,datasets/seame_dev_sge_cn_en_2000/00308.wav,2.0100000000000002,0.9,1.11,4.0
test,296,0,test/296.wav,datasets/crossfade_switchlingua_seame/switchlingua_hi_into_seame_en/audio/000362_01211.wav,2.29,1.56,0.73,4.0
test,297,0,test/297.wav,datasets/crossfade_switchlingua_seame/seame_zh_into_switchlingua_en/audio/000110_1155.wav,1.7,1.5,0.2,4.0
test,298,1,test/298.wav,datasets/seame_dev_sge_cn_en_2000/01060.wav,1.8,0.2,1.6,4.0
test,299,1,test/299.wav,datasets/seame_dev_sge_cn_en_2000/00170.wav,2.2600000000000002,1.37,0.89,4.0
test,300,1,test/300.wav,datasets/seame_dev_sge_cn_en_2000/00038.wav,3.05,1.66,1.39,4.0
test,301,1,test/301.wav,datasets/seame_dev_sge_cn_en_2000/00584.wav,1.53,0.62,0.91,4.0
test,302,0,test/302.wav,datasets/crossfade_switchlingua_seame/seame_zh_into_switchlingua_en/audio/000007_1007.wav,2.81,1.29,1.52,4.0
test,303,0,test/303.wav,datasets/crossfade_switchlingua_seame/seame_zh_into_switchlingua_en/audio/000344_317.wav,3.0700000000000003,1.62,1.45,4.0
test,304,1,test/304.wav,datasets/seame_dev_sge_cn_en_2000/00871.wav,1.95,1.19,0.76,4.0
test,305,0,test/305.wav,datasets/crossfade_switchlingua_seame/seame_zh_into_switchlingua_en/audio/000300_220.wav,2.58,0.95,1.63,4.0
test,306,0,test/306.wav,datasets/crossfade_switchlingua_seame/seame_en_into_switchlingua_hi/audio/000025_513.wav,3.0999999999999996,1.43,1.67,4.0
test,307,0,test/307.wav,datasets/crossfade_switchlingua_seame/seame_zh_into_switchlingua_en/audio/000172_1233.wav,1.96,1.04,0.92,4.0
test,308,0,test/308.wav,datasets/crossfade_switchlingua_seame/seame_zh_into_switchlingua_en/audio/000167_1228.wav,1.6300000000000001,1.37,0.26,4.0
test,309,1,test/309.wav,datasets/seame_dev_sge_cn_en_2000/01128.wav,2.61,1.47,1.14,4.0
test,310,0,test/310.wav,datasets/crossfade_switchlingua_seame/seame_zh_into_switchlingua_en/audio/000015_1016.wav,2.42,0.88,1.54,4.0
test,311,0,test/311.wav,datasets/crossfade_switchlingua_seame/seame_en_into_switchlingua_hi/audio/000020_319.wav,2.46,1.01,1.45,4.0
test,312,0,test/312.wav,datasets/crossfade_switchlingua_seame/seame_zh_into_switchlingua_en/audio/000275_153.wav,2.9699999999999998,1.56,1.41,4.0
test,313,1,test/313.wav,datasets/switchlingua_audio_2000/76.wav,2.7800000000000002,1.62,1.16,4.0
test,314,1,test/314.wav,datasets/seame_dev_sge_cn_en_2000/00299.wav,0.39999999999999997,0.05,0.35,4.0
test,315,0,test/315.wav,datasets/crossfade_switchlingua_seame/seame_zh_into_switchlingua_en/audio/000367_357.wav,2.34,1.25,1.09,4.0
test,316,0,test/316.wav,datasets/crossfade_switchlingua_seame/switchlingua_en_into_seame_zh/audio/000087_00634.wav,2.3600000000000003,1.58,0.78,4.0
test,317,1,test/317.wav,datasets/seame_dev_sge_cn_en_2000/00771.wav,1.87,1.08,0.79,4.0
test,318,0,test/318.wav,datasets/crossfade_switchlingua_seame/seame_zh_into_switchlingua_en/audio/000060_1088.wav,2.2199999999999998,1.08,1.14,4.0
test,319,0,test/319.wav,datasets/crossfade_switchlingua_seame/seame_zh_into_switchlingua_en/audio/000090_1126.wav,2.74,1.48,1.26,4.0
test,320,1,test/320.wav,datasets/seame_dev_sge_cn_en_2000/00409.wav,0.95,0.38,0.57,4.0
test,321,0,test/321.wav,datasets/crossfade_switchlingua_seame/seame_zh_into_switchlingua_en/audio/000139_119.wav,3.01,1.5,1.51,4.0
test,322,1,test/322.wav,datasets/seame_dev_sge_cn_en_2000/00039.wav,1.29,0.29,1.0,4.0
test,323,0,test/323.wav,datasets/crossfade_switchlingua_seame/seame_zh_into_switchlingua_en/audio/000355_337.wav,2.7,1.29,1.41,4.0
test,324,1,test/324.wav,datasets/seame_dev_sge_cn_en_2000/01098.wav,2.12,1.01,1.11,4.0
test,325,1,test/325.wav,datasets/seame_dev_sge_cn_en_2000/00123.wav,2.3499999999999996,1.17,1.18,4.0
test,326,1,test/326.wav,datasets/seame_dev_sge_cn_en_2000/00119.wav,1.95,1.18,0.77,4.0
test,327,1,test/327.wav,datasets/seame_dev_sge_cn_en_2000/00239.wav,2.75,1.55,1.2,4.0
test,328,0,test/328.wav,datasets/crossfade_switchlingua_seame/seame_zh_into_switchlingua_en/audio/000001_1.wav,1.83,0.93,0.9,4.0
test,329,0,test/329.wav,datasets/crossfade_switchlingua_seame/switchlingua_hi_into_seame_en/audio/000385_01261.wav,3.1100000000000003,1.26,1.85,4.0
test,330,1,test/330.wav,datasets/seame_dev_sge_cn_en_2000/01222.wav,2.4299999999999997,0.98,1.45,4.0
test,331,0,test/331.wav,datasets/crossfade_switchlingua_seame/seame_zh_into_switchlingua_en/audio/000344_317.wav,2.8899999999999997,1.38,1.51,4.0
test,332,0,test/332.wav,datasets/crossfade_switchlingua_seame/seame_zh_into_switchlingua_en/audio/000332_296.wav,2.9,1.68,1.22,4.0
test,333,1,test/333.wav,datasets/seame_dev_sge_cn_en_2000/01236.wav,2.71,1.33,1.38,4.0
test,334,0,test/334.wav,datasets/crossfade_switchlingua_seame/seame_zh_into_switchlingua_en/audio/000106_1151.wav,2.7800000000000002,1.33,1.45,4.0
test,335,0,test/335.wav,datasets/crossfade_switchlingua_seame/seame_zh_into_switchlingua_en/audio/000076_1107.wav,2.52,1.17,1.35,4.0
test,336,0,test/336.wav,datasets/crossfade_switchlingua_seame/seame_zh_into_switchlingua_en/audio/000320_272.wav,2.37,1.33,1.04,4.0
test,337,1,test/337.wav,datasets/seame_dev_sge_cn_en_2000/01086.wav,1.8900000000000001,1.03,0.86,4.0
test,338,1,test/338.wav,datasets/seame_dev_sge_cn_en_2000/00481.wav,2.02,1.61,0.41,4.0
test,339,0,test/339.wav,datasets/crossfade_switchlingua_seame/seame_zh_into_switchlingua_en/audio/000302_226.wav,2.75,1.36,1.39,4.0
test,340,0,test/340.wav,datasets/crossfade_switchlingua_seame/switchlingua_en_into_seame_zh/audio/000100_00696.wav,2.42,1.16,1.26,4.0
test,341,0,test/341.wav,datasets/crossfade_switchlingua_seame/seame_zh_into_switchlingua_en/audio/000219_1278.wav,2.58,1.02,1.56,4.0
test,342,1,test/342.wav,datasets/switchlingua_audio_2000/687.wav,3.23,1.83,1.4,4.0
test,343,0,test/343.wav,datasets/crossfade_switchlingua_seame/seame_zh_into_switchlingua_en/audio/000007_1007.wav,2.9,1.52,1.38,4.0
test,344,0,test/344.wav,datasets/crossfade_switchlingua_seame/switchlingua_hi_into_seame_en/audio/000365_01215.wav,2.37,0.98,1.39,4.0
test,345,0,test/345.wav,datasets/crossfade_switchlingua_seame/seame_zh_into_switchlingua_en/audio/000038_1057.wav,2.38,0.86,1.52,4.0
test,346,0,test/346.wav,datasets/crossfade_switchlingua_seame/seame_zh_into_switchlingua_en/audio/000338_302.wav,1.8199999999999998,1.17,0.65,4.0
test,347,1,test/347.wav,datasets/seame_dev_sge_cn_en_2000/00318.wav,0.84,0.09,0.75,4.0
test,348,1,test/348.wav,datasets/seame_dev_sge_cn_en_2000/01030.wav,2.76,1.44,1.32,4.0
test,349,0,test/349.wav,datasets/crossfade_switchlingua_seame/seame_zh_into_switchlingua_en/audio/000165_1226.wav,2.3499999999999996,1.41,0.94,4.0
test,350,1,test/350.wav,datasets/seame_dev_sge_cn_en_2000/01050.wav,3.29,1.6,1.69,4.0
test,351,1,test/351.wav,datasets/seame_dev_sge_cn_en_2000/00540.wav,1.27,0.77,0.5,4.0
test,352,0,test/352.wav,datasets/crossfade_switchlingua_seame/seame_zh_into_switchlingua_en/audio/000114_1162.wav,2.71,1.47,1.24,4.0
test,353,0,test/353.wav,datasets/crossfade_switchlingua_seame/seame_zh_into_switchlingua_en/audio/000206_1265.wav,2.96,1.42,1.54,4.0
test,354,0,test/354.wav,datasets/crossfade_switchlingua_seame/seame_zh_into_switchlingua_en/audio/000372_368.wav,2.37,1.65,0.72,4.0
test,355,0,test/355.wav,datasets/crossfade_switchlingua_seame/switchlingua_hi_into_seame_en/audio/000290_00986.wav,3.05,1.63,1.42,4.0
test,356,0,test/356.wav,datasets/crossfade_switchlingua_seame/seame_zh_into_switchlingua_en/audio/000049_1074.wav,1.73,0.91,0.82,4.0
test,357,0,test/357.wav,datasets/crossfade_switchlingua_seame/switchlingua_en_into_seame_zh/audio/000000_00008.wav,2.81,1.23,1.58,4.0
test,358,0,test/358.wav,datasets/crossfade_switchlingua_seame/seame_zh_into_switchlingua_en/audio/000109_1154.wav,3.49,1.98,1.51,4.0
test,359,1,test/359.wav,datasets/seame_dev_sge_cn_en_2000/00935.wav,1.22,0.17,1.05,4.0
test,360,1,test/360.wav,datasets/seame_dev_sge_cn_en_2000/00441.wav,2.54,1.15,1.39,4.0
test,361,1,test/361.wav,datasets/seame_dev_sge_cn_en_2000/00419.wav,1.6600000000000001,0.06,1.6,4.0
test,362,1,test/362.wav,datasets/seame_dev_sge_cn_en_2000/00004.wav,1.76,0.86,0.9,4.0
test,363,1,test/363.wav,datasets/seame_dev_sge_cn_en_2000/01188.wav,2.31,0.92,1.39,4.0
test,364,1,test/364.wav,datasets/seame_dev_sge_cn_en_2000/00048.wav,2.61,1.43,1.18,4.0
test,365,0,test/365.wav,datasets/crossfade_switchlingua_seame/switchlingua_en_into_seame_zh/audio/000166_00956.wav,2.21,1.27,0.94,4.0
test,366,0,test/366.wav,datasets/crossfade_switchlingua_seame/seame_en_into_switchlingua_hi/audio/000009_205.wav,3.16,1.78,1.38,4.0
test,367,1,test/367.wav,datasets/seame_dev_sge_cn_en_2000/00554.wav,1.19,0.15,1.04,4.0
test,368,1,test/368.wav,datasets/seame_dev_sge_cn_en_2000/00954.wav,2.38,1.25,1.13,4.0
test,369,1,test/369.wav,datasets/switchlingua_audio_2000/401.wav,3.33,1.81,1.52,4.0
test,370,0,test/370.wav,datasets/crossfade_switchlingua_seame/switchlingua_hi_into_seame_en/audio/000321_01064.wav,2.6399999999999997,1.0,1.64,4.0
test,371,1,test/371.wav,datasets/seame_dev_sge_cn_en_2000/00503.wav,1.7400000000000002,0.68,1.06,4.0
test,372,0,test/372.wav,datasets/crossfade_switchlingua_seame/seame_zh_into_switchlingua_en/audio/000129_1179.wav,2.21,0.89,1.32,4.0
test,373,0,test/373.wav,datasets/crossfade_switchlingua_seame/seame_en_into_switchlingua_hi/audio/000007_182.wav,2.8600000000000003,1.55,1.31,4.0
test,374,1,test/374.wav,datasets/seame_dev_sge_cn_en_2000/00304.wav,2.13,0.77,1.36,4.0
test,375,0,test/375.wav,datasets/crossfade_switchlingua_seame/switchlingua_en_into_seame_zh/audio/000001_00012.wav,2.21,0.72,1.49,4.0
test,376,1,test/376.wav,datasets/seame_dev_sge_cn_en_2000/00228.wav,2.6,1.11,1.49,4.0
test,377,1,test/377.wav,datasets/seame_dev_sge_cn_en_2000/01134.wav,1.85,1.45,0.4,4.0
test,378,1,test/378.wav,datasets/switchlingua_audio_2000/288.wav,3.0300000000000002,1.56,1.47,4.0
test,379,1,test/379.wav,datasets/seame_dev_sge_cn_en_2000/00144.wav,1.8900000000000001,0.56,1.33,4.0
test,380,0,test/380.wav,datasets/crossfade_switchlingua_seame/switchlingua_en_into_seame_zh/audio/000014_00103.wav,3.0300000000000002,1.37,1.66,4.0
test,381,0,test/381.wav,datasets/crossfade_switchlingua_seame/seame_zh_into_switchlingua_en/audio/000373_369.wav,2.8,1.63,1.17,4.0
test,382,1,test/382.wav,datasets/seame_dev_sge_cn_en_2000/00365.wav,2.26,0.81,1.45,4.0
test,383,1,test/383.wav,datasets/seame_dev_sge_cn_en_2000/00147.wav,2.6,1.33,1.27,4.0
test,384,1,test/384.wav,datasets/seame_dev_sge_cn_en_2000/00890.wav,1.41,1.0,0.41,4.0
test,385,0,test/385.wav,datasets/crossfade_switchlingua_seame/seame_zh_into_switchlingua_en/audio/000108_1153.wav,3.23,1.67,1.56,4.0
test,386,1,test/386.wav,datasets/seame_dev_sge_cn_en_2000/00124.wav,1.37,0.91,0.46,4.0
test,387,1,test/387.wav,datasets/seame_dev_sge_cn_en_2000/01080.wav,2.31,1.01,1.3,4.0
test,388,1,test/388.wav,datasets/seame_dev_sge_cn_en_2000/00275.wav,2.52,1.31,1.21,4.0
test,389,1,test/389.wav,datasets/seame_dev_sge_cn_en_2000/00483.wav,2.0,1.46,0.54,4.0
test,390,0,test/390.wav,datasets/crossfade_switchlingua_seame/switchlingua_en_into_seame_zh/audio/000154_00914.wav,3.0,1.37,1.63,4.0
test,391,1,test/391.wav,datasets/seame_dev_sge_cn_en_2000/00366.wav,2.1100000000000003,1.61,0.5,4.0
test,392,1,test/392.wav,datasets/switchlingua_audio_2000/517.wav,2.62,1.3,1.32,4.0
test,393,1,test/393.wav,datasets/seame_dev_sge_cn_en_2000/00088.wav,3.05,1.56,1.49,4.0
test,394,0,test/394.wav,datasets/crossfade_switchlingua_seame/seame_zh_into_switchlingua_en/audio/000223_1281.wav,1.95,0.55,1.4,4.0
test,395,1,test/395.wav,datasets/seame_dev_sge_cn_en_2000/00468.wav,1.53,1.28,0.25,4.0
test,396,0,test/396.wav,datasets/crossfade_switchlingua_seame/seame_zh_into_switchlingua_en/audio/000156_1217.wav,2.96,1.45,1.51,4.0
test,397,0,test/397.wav,datasets/crossfade_switchlingua_seame/seame_zh_into_switchlingua_en/audio/000116_1164.wav,1.77,0.81,0.96,4.0
test,398,0,test/398.wav,datasets/crossfade_switchlingua_seame/seame_zh_into_switchlingua_en/audio/000251_1308.wav,2.8200000000000003,1.36,1.46,4.0
test,399,0,test/399.wav,datasets/crossfade_switchlingua_seame/switchlingua_hi_into_seame_en/audio/000325_01077.wav,2.7,1.53,1.17,4.0
test,400,0,test/400.wav,datasets/crossfade_switchlingua_seame/switchlingua_hi_into_seame_en/audio/000062_00290.wav,2.56,0.96,1.6,4.0
test,401,1,test/401.wav,datasets/seame_dev_sge_cn_en_2000/00595.wav,2.18,1.32,0.86,4.0
test,402,1,test/402.wav,datasets/seame_dev_sge_cn_en_2000/00506.wav,0.8500000000000001,0.3,0.55,4.0
test,403,0,test/403.wav,datasets/crossfade_switchlingua_seame/seame_zh_into_switchlingua_en/audio/000242_130.wav,2.6799999999999997,1.54,1.14,4.0
test,404,0,test/404.wav,datasets/crossfade_switchlingua_seame/switchlingua_hi_into_seame_en/audio/000014_00085.wav,2.51,1.7,0.81,4.0
test,405,1,test/405.wav,datasets/seame_dev_sge_cn_en_2000/01027.wav,1.4100000000000001,1.11,0.3,4.0
test,406,0,test/406.wav,datasets/crossfade_switchlingua_seame/seame_en_into_switchlingua_hi/audio/000028_599.wav,3.3499999999999996,1.72,1.63,4.0
test,407,0,test/407.wav,datasets/crossfade_switchlingua_seame/seame_zh_into_switchlingua_en/audio/000020_1030.wav,2.4699999999999998,1.41,1.06,4.0
test,408,1,test/408.wav,datasets/seame_dev_sge_cn_en_2000/00022.wav,2.01,0.77,1.24,4.0
test,409,0,test/409.wav,datasets/crossfade_switchlingua_seame/seame_en_into_switchlingua_hi/audio/000010_229.wav,3.01,1.49,1.52,4.0
test,410,1,test/410.wav,datasets/seame_dev_sge_cn_en_2000/00499.wav,1.7599999999999998,0.35,1.41,4.0
test,411,0,test/411.wav,datasets/crossfade_switchlingua_seame/seame_zh_into_switchlingua_en/audio/000299_219.wav,2.83,1.18,1.65,4.0
test,412,1,test/412.wav,datasets/seame_dev_sge_cn_en_2000/00026.wav,2.1,1.44,0.66,4.0
test,413,1,test/413.wav,datasets/seame_dev_sge_cn_en_2000/00076.wav,3.19,1.56,1.63,4.0
test,414,1,test/414.wav,datasets/seame_dev_sge_cn_en_2000/00091.wav,2.81,1.54,1.27,4.0
test,415,0,test/415.wav,datasets/crossfade_switchlingua_seame/switchlingua_en_into_seame_zh/audio/000001_00012.wav,1.8,1.49,0.31,4.0
test,416,1,test/416.wav,datasets/seame_dev_sge_cn_en_2000/00043.wav,2.56,1.44,1.12,4.0
test,417,0,test/417.wav,datasets/crossfade_switchlingua_seame/seame_zh_into_switchlingua_en/audio/000371_366.wav,2.19,1.13,1.06,4.0
test,418,0,test/418.wav,datasets/crossfade_switchlingua_seame/seame_zh_into_switchlingua_en/audio/000285_171.wav,2.13,1.64,0.49,4.0
test,419,1,test/419.wav,datasets/seame_dev_sge_cn_en_2000/01149.wav,1.48,1.12,0.36,4.0
test,420,0,test/420.wav,datasets/crossfade_switchlingua_seame/seame_zh_into_switchlingua_en/audio/000121_1169.wav,2.54,1.29,1.25,4.0
test,421,1,test/421.wav,datasets/seame_dev_sge_cn_en_2000/01001.wav,2.77,1.59,1.18,4.0
test,422,1,test/422.wav,datasets/seame_dev_sge_cn_en_2000/00156.wav,1.8199999999999998,1.15,0.67,4.0
test,423,1,test/423.wav,datasets/seame_dev_sge_cn_en_2000/00324.wav,1.7200000000000002,0.14,1.58,4.0
test,424,1,test/424.wav,datasets/seame_dev_sge_cn_en_2000/01115.wav,2.67,1.32,1.35,4.0
test,425,1,test/425.wav,datasets/seame_dev_sge_cn_en_2000/00367.wav,1.22,0.84,0.38,4.0
test,426,1,test/426.wav,datasets/seame_dev_sge_cn_en_2000/00837.wav,1.63,1.15,0.48,4.0
test,427,1,test/427.wav,datasets/seame_dev_sge_cn_en_2000/01163.wav,1.98,0.66,1.32,4.0
test,428,1,test/428.wav,datasets/seame_dev_sge_cn_en_2000/01248.wav,2.5,1.68,0.82,4.0
test,429,1,test/429.wav,datasets/seame_dev_sge_cn_en_2000/00345.wav,1.0699999999999998,0.47,0.6,4.0
test,430,1,test/430.wav,datasets/seame_dev_sge_cn_en_2000/00324.wav,2.0,0.57,1.43,4.0
test,431,1,test/431.wav,datasets/seame_dev_sge_cn_en_2000/01143.wav,2.34,0.99,1.35,4.0
test,432,1,test/432.wav,datasets/seame_dev_sge_cn_en_2000/00215.wav,2.66,1.83,0.83,4.0
test,433,1,test/433.wav,datasets/seame_dev_sge_cn_en_2000/00201.wav,1.49,0.49,1.0,4.0
test,434,1,test/434.wav,datasets/seame_dev_sge_cn_en_2000/01124.wav,0.99,0.01,0.98,4.0
test,435,0,test/435.wav,datasets/crossfade_switchlingua_seame/switchlingua_hi_into_seame_en/audio/000385_01261.wav,2.17,1.85,0.32,4.0
test,436,0,test/436.wav,datasets/crossfade_switchlingua_seame/seame_zh_into_switchlingua_en/audio/000368_358.wav,3.24,1.56,1.68,4.0
test,437,1,test/437.wav,datasets/seame_dev_sge_cn_en_2000/00069.wav,3.06,1.77,1.29,4.0
test,438,1,test/438.wav,datasets/seame_dev_sge_cn_en_2000/01138.wav,1.85,0.62,1.23,4.0
test,439,1,test/439.wav,datasets/seame_dev_sge_cn_en_2000/00393.wav,2.4299999999999997,0.72,1.71,4.0
test,440,0,test/440.wav,datasets/crossfade_switchlingua_seame/switchlingua_en_into_seame_zh/audio/000047_00302.wav,2.66,1.52,1.14,4.0
test,441,1,test/441.wav,datasets/seame_dev_sge_cn_en_2000/00196.wav,1.5899999999999999,1.0,0.59,4.0
test,442,0,test/442.wav,datasets/crossfade_switchlingua_seame/seame_zh_into_switchlingua_en/audio/000170_1231.wav,2.92,1.47,1.45,4.0
test,443,0,test/443.wav,datasets/crossfade_switchlingua_seame/seame_zh_into_switchlingua_en/audio/000268_136.wav,2.62,1.58,1.04,4.0
test,444,0,test/444.wav,datasets/crossfade_switchlingua_seame/seame_zh_into_switchlingua_en/audio/000108_1153.wav,3.5599999999999996,1.89,1.67,4.0
